symbol,name,sector,price,market_cap,score_5d,score_30d,combined_score,consistency,n_models,missing_features,is_linear_5d,is_linear_30d,prob_3pct,prob_5pct,prob_10pct,prob_1mo,prob_30_3pct,prob_30_5pct,prob_30_10pct,prob_30_1mo,mc_mc_5d_5tp_2sl_tp,mc_mc_5d_5tp_2sl_expire,mc_mc_5d_5tp_2sl_sl,mc_mc_5d_5tp_2sl_signal,mc_mc_5d_10tp_4sl_tp,mc_mc_5d_10tp_4sl_expire,mc_mc_5d_10tp_4sl_sl,mc_mc_5d_10tp_4sl_signal,mc_mc_30d_10tp_5sl_tp,mc_mc_30d_10tp_5sl_expire,mc_mc_30d_10tp_5sl_sl,mc_mc_30d_10tp_5sl_signal,mc_mc_30d_20tp_10sl_tp,mc_mc_30d_20tp_10sl_expire,mc_mc_30d_20tp_10sl_sl,mc_mc_30d_20tp_10sl_signal,mc_score_5d,mc_score_30d,mc_dual_score_5d,mc_dual_score_30d,mc_signals_5d,mc_signals_30d,market_score_5d,market_score_30d,market_breadth_5d,sector_score_5d,sector_score_30d,sector_rank,sector_top_stock
TTD,"The Trade Desk, Inc.",Communication Services,14.14,6644106240,0.429712880072198,0.39373318714919525,0.4117230336106966,0.9224747773595309,8,0,False,False,0.558465855940131,0.3726453726453726,0.3125,0.5,0.455,0.4139194139194139,0.3448275862068966,0.37662337662337664,0.3500502592295349,0.01805563521950717,0.6318941055509578,0,0.4092207558426111,0.09924215935105239,0.49153708480633646,0,0.35904531304047044,0.0,0.6409546869595296,0,0.28050962718124905,0.14543041013645563,0.5740599626822953,0,0.379635507536073,0.3197774701108598,-0.18208008764257413,-0.28772985471005275,0,0,0.1292,0.0543,0.499,0.1555,0.0796,3,TTD
SMCI,"Super Micro Computer, Inc.",Technology,39.84,25771421696,0.4272118509446842,0.26507461334440413,0.3461432321445442,0.8727886023222102,8,0,False,True,0.5096065873741995,0.3726453726453726,0.4523809523809524,0.39090909090909093,0.4743202416918429,0.32867132867132864,0.17418032786885246,0.13855421686746988,0.3015760789902763,0.017766034108676755,0.6806578869010468,0,0.7140686277159214,0.04528705522699248,0.24064431705708605,0,0.2957629263622408,0.0,0.7042370736377591,0,0.29892465974230925,0.06020897542633341,0.6408663648313573,0,0.5078223533530988,0.297343793052275,0.047171251374032414,-0.37520792618228316,0,0,0.1292,0.0543,0.499,0.2074,0.1051,1,SMCI
COHR,Coherent Corp.,Technology,325.83,63745159168,0.41907013332927373,0.18690301352804403,0.30298657342865887,0.8352417703504121,8,0,False,True,0.5793103448275863,0.5231481481481483,0.26701570680628267,0.3716216216216216,0.341995841995842,0.2517482517482518,0.104199066874028,0.09292035398230089,0.36203191656103256,0.01328375597458334,0.6246843274643842,0,0.7116522976395212,0.033438551767098285,0.25490915059338043,0,0.29627299804722773,0.002453606609086773,0.7012733953436856,0,0.16364678481080694,0.05608869702806419,0.780264518161129,0,0.5368421071002769,0.22995989142901735,0.09704536807139458,-0.5108090653233899,0,0,0.1292,0.0543,0.499,0.2074,0.1051,1,SMCI
WDAY,"Workday, Inc.",Technology,198.68,49068687360,0.40611000694542804,0.25017348557128044,0.32814174625835424,0.8679363986203344,8,0,False,False,0.558465855940131,0.4233576642335766,0.3191489361702128,0.3716216216216216,0.341995841995842,0.4139194139194139,0.17418032786885246,0.11538461538461539,0.31938493736612517,0.02213964906003948,0.6584754135738353,0,0.5553844247673684,0.09221952092754813,0.3523960543050835,0,0.28930193762884404,0.001422292251484211,0.7092757701196717,0,0.10457783601728107,0.046525081945728436,0.8488970820369904,0,0.43738468106674677,0.19693988682306257,-0.06805105287271263,-0.5821465392552685,0,0,0.1292,0.0543,0.499,0.2074,0.1051,1,SMCI
HOOD,"Robinhood Markets, Inc.",Financial Services,95.56,85916303360,0.3919713507121679,0.2709794890543024,0.33147541988323515,0.8938761403366986,8,0,False,False,0.5096065873741995,0.38815789473684204,0.3125,0.39090909090909093,0.341995841995842,0.4139194139194139,0.17418032786885246,0.18933333333333333,0.305168541985661,0.017977668334852308,0.6768537896794866,0,0.7384501292774533,0.08539375782815226,0.17615611289439442,0,0.28971399559993233,0.0,0.7102860044000676,0,0.21921144474548718,0.10294600547532735,0.6778425497791855,0,0.5218093356315572,0.25446272017270977,0.09530438434461669,-0.4396015569169168,0,0,0.1292,0.0543,0.499,0.094,0.0276,10,HOOD
WDC,Western Digital Corporation,Technology,508.8,175374270464,0.38982322040600326,0.0774107405826906,0.23361698049434693,0.8096671059376037,8,0,False,False,0.558465855940131,0.4156479217603912,0.26701570680628267,0.3716216216216216,0.2645161290322581,0.01088646967340591,0.05613577023498695,0.010356731875719217,0.3600910636825642,0.018573541142254745,0.6213353951751811,0,0.6447764647174978,0.09075075990239301,0.26447277538010927,0,0.2889958006299264,0.0024789792033302403,0.7085252201667434,0,0.14347994909714623,0.049176666708214224,0.8073433841946396,0,0.502433764200031,0.21623787486353632,0.05952967892238584,-0.5416964273171552,0,0,0.1292,0.0543,0.499,0.2074,0.1051,1,SMCI
COIN,"Coinbase Global, Inc.",Financial Services,148.47,39171870720,0.38565761037640245,0.26884567724063585,0.3272516438085191,0.9047402901796111,8,0,False,False,0.4960212201591511,0.3726453726453726,0.3125,0.39090909090909093,0.341995841995842,0.13846153846153847,0.30303030303030304,0.2894736842105263,0.31139127867373345,0.012587082530805135,0.6760216387954613,0,0.7833272236873026,0.045506694496527514,0.17116608181616996,0,0.32006430467667213,0.0,0.6799356953233278,0,0.2496122989560731,0.21524240126478333,0.5351452997791435,0,0.547359251180518,0.2848383018163726,0.12376539087470237,-0.32270219573486303,0,0,0.1292,0.0543,0.499,0.094,0.0276,10,HOOD
SNDK,Sandisk Corporation,Technology,1641.11,239602057216,0.38015366572767156,0.0878211418939937,0.23398740381083263,0.8226205854319149,8,0,False,False,0.5096065873741995,0.4156479217603912,0.26701570680628267,0.3716216216216216,0.28125,0.01088646967340591,0.05613577023498695,0.0345679012345679,0.31380677728053796,0.01783155808828251,0.6683616646311796,0,0.1723015032818124,0.031746771120050817,0.7959517255981369,0,0.29503596485822464,0.002457919635018385,0.7025061155067571,0,0.10341494486294096,0.04600772943290061,0.8505773257041584,0,0.24305414028117517,0.1992254548605828,-0.4891025548334831,-0.5773162657448749,0,0,0.1292,0.0543,0.499,0.2074,0.1051,1,SMCI
MU,"Micron Technology, Inc.",Technology,971.66,1097386098688,0.372432456239879,0.09520003190545577,0.23381624407266738,0.8122881332423897,8,0,False,False,0.47927927927927927,0.4823529411764705,0.2047244094488189,0.3716216216216216,0.341995841995842,0.008771929824561403,0.05093833780160858,0.0210896309314587,0.2942219306982318,0.020580473395904953,0.6851975959058632,0,0.0974763278043953,0.07105664866421883,0.8314670235313859,0,0.281855185001677,0.0025038755930521122,0.7156409394052708,0,0.10341494486294096,0.04600772943290061,0.8505773257041584,0,0.19584912925131356,0.19263506493230897,-0.5624831804673109,-0.5904740676224056,0,0,0.1292,0.0543,0.499,0.2074,0.1051,1,SMCI
APP,Applovin Corporation,Communication Services,315.44,105562161152,0.3605226680862066,0.17688130048642234,0.2687019842863145,0.8796076121396039,8,0,True,True,0.5096065873741995,0.4156479217603912,0.3125,0.2605633802816901,0.21777777777777776,0.18840579710144928,0.17418032786885246,0.13855421686746988,0.35112992779062885,0.0,0.6488700722093712,0,0.1518465717576547,0.08504220847183472,0.7631112197705107,0,0.3437300227135214,0.0,0.6562699772864786,0,0.26601854900379174,0.30329643854080734,0.4306850124554009,0,0.25148824977414175,0.30487428585865656,-0.45450239621579913,-0.2386032090122832,0,0,0.1292,0.0543,0.499,0.1555,0.0796,3,TTD
STX,Seagate Technology Holdings PLC,Technology,973.44,220970876928,0.3601575382192889,0.12415266972894004,0.2421551039741145,0.8050410996230817,8,0,False,False,0.4960212201591511,0.4156479217603912,0.2047244094488189,0.3716216216216216,0.4743202416918429,0.01088646967340591,0.05093833780160858,0.0210896309314587,0.29034474189228365,0.020313401720257897,0.6893418563874583,0,0.16777024391315484,0.07607654500797931,0.756153211078866,0,0.2889958006299264,0.0024789792033302403,0.7085252201667434,0,0.10341494486294096,0.04600772943290061,0.8505773257041584,0,0.22905749290271926,0.19620537274643368,-0.4936900408304429,-0.5833459001890172,0,0,0.1292,0.0543,0.499,0.2074,0.1051,1,SMCI
HPE,Hewlett Packard Enterprise Comp,Technology,58.71,77743988736,0.3469398460639421,0.3054157413495942,0.32617779370676814,0.8573278056412289,8,0,True,False,0.5096065873741995,0.4156479217603912,0.3125,0.2138157894736842,0.4743202416918429,0.5,0.17418032786885246,0.13855421686746988,0.3051194549775092,0.021150770948376755,0.6737297740741139,0,0.7405880170861321,0.046968945460479444,0.2124430374533885,0,0.29503596485822464,0.002457919635018385,0.7025061155067571,0,0.3087605548756643,0.05936425998082581,0.6318751851435098,0,0.5228537360318206,0.30189825986694446,0.0797673302680694,-0.365292390458189,0,0,0.1292,0.0543,0.499,0.2074,0.1051,1,SMCI
INTC,Intel Corporation,Technology,102.5,541825761280,0.3343021363741269,0.2409603092786477,0.2876312228263873,0.8701669104627006,8,0,True,True,0.5096065873741995,0.4156479217603912,0.26701570680628267,0.2138157894736842,0.455,0.24390243902439024,0.17418032786885246,0.13855421686746988,0.3448836284276207,0.017789139770314936,0.6373272318020643,0,0.8371783264660863,0.07172508923200924,0.09109658430190452,1,0.2990201660436694,0.002444028364208238,0.6985358055921225,0,0.3087605548756643,0.05936425998082581,0.6318751851435098,0,0.5910309774468535,0.30389036045966683,0.2268190693948691,-0.3613151349081493,1,0,0.1292,0.0543,0.499,0.2074,0.1051,1,SMCI
LITE,Lumentum Holdings Inc.,Technology,926.14,82056003584,0.32788883088800874,0.09569792243395156,0.21179337666098014,0.8257573238980209,8,0,False,False,0.4960212201591511,0.4156479217603912,0.2047244094488189,0.2605633802816901,0.341995841995842,0.01088646967340591,0.05093833780160858,0.0210896309314587,0.29034474189228365,0.020313401720257897,0.6893418563874583,0,0.09414451148520143,0.06925540859854488,0.8366000799162537,0,0.29509145913562324,0.015550519102882568,0.6893580217614942,0,0.10341494486294096,0.04600772943290061,0.8505773257041584,0,0.19224462668874254,0.1992532019992821,-0.5707263414631134,-0.5707144717335442,0,0,0.1292,0.0543,0.499,0.2074,0.1051,1,SMCI
AMAT,"Applied Materials, Inc.",Technology,507.18,402680348672,0.32471929700982954,0.10089098180378786,0.2128051394068087,0.7993128428558217,8,0,True,True,0.5793103448275863,0.5231481481481483,0.2047244094488189,0.10646387832699619,0.28125,0.08841843088418432,0.05093833780160858,0.0210896309314587,0.3600910636825642,0.018573541142254745,0.6213353951751811,0,0.6236231180627565,0.262248282919805,0.11412859901743852,0,0.2889958006299264,0.0024789792033302403,0.7085252201667434,0,0.10457783601728107,0.046525081945728436,0.8488970820369904,0,0.4918570908726604,0.19678681832360373,0.12412509377635053,-0.5819243327782632,0,0,0.1292,0.0543,0.499,0.2074,0.1051,1,SMCI
IT,"Gartner, Inc.",Technology,181.09,11435648000,0.3205282221377238,0.10362611033749472,0.21207716623760925,0.8537180831793896,8,0,False,False,0.5096065873741995,0.3726453726453726,0.2047244094488189,0.2605633802816901,0.19754601226993865,0.08841843088418432,0.104199066874028,0.0440251572327044,0.29678662496458985,0.04351556821949496,0.6596978068159152,0,0.3635608702873277,0.3103360460610087,0.32610308365166363,0,0.2889958006299264,0.0024789792033302403,0.7085252201667434,0,0.13461079809429685,0.29204691372629077,0.5733422881794124,0,0.33017374762595875,0.21180329936211162,-0.16272669760783062,-0.42913045481096623,0,0,0.1292,0.0543,0.499,0.2074,0.1051,1,SMCI
AMD,"Advanced Micro Devices, Inc.",Technology,514.39,839728824320,0.31699463796247046,0.06111808054035786,0.18905635925141417,0.8277663870855416,8,0,False,False,0.5096065873741995,0.4156479217603912,0.2047244094488189,0.2138157894736842,0.19754601226993865,0.008771929824561403,0.05093833780160858,0.010356731875719217,0.3021488483455961,0.017799776307119968,0.680051375347284,0,0.38026785900837834,0.1629719395750193,0.4567602014166023,0,0.285184331613792,0.01563495051994454,0.6991807178662636,0,0.09953343923338118,0.044280906863553945,0.8561856539030649,0,0.3412083536769872,0.1923588854235866,-0.22719743470495593,-0.5853243004610776,0,0,0.1292,0.0543,0.499,0.2074,0.1051,1,SMCI
MRNA,"Moderna, Inc.",Healthcare,63.32,25279617024,0.3095391171365891,0.31223872486117915,0.3108889209988841,0.8551511305007058,8,0,False,False,0.4719346049046321,0.4156479217603912,0.2047244094488189,0.2138157894736842,0.341995841995842,0.5891472868217055,0.17418032786885246,0.18933333333333333,0.28955866934047253,0.02025840569235624,0.6901829249671712,0,0.297659401853888,0.22300736856308767,0.47933322958302427,0,0.28514522432016703,0.015769936382619098,0.699084839297214,0,0.29063951958219175,0.08625667709981037,0.6231038033179978,0,0.29360903559718027,0.2878923719511794,-0.29114904167791744,-0.3732019493564265,0,0,0.1292,0.0543,0.499,0.1232,0.0467,7,MRNA
MRVL,"Marvell Technology, Inc.",Technology,222.02,199272824832,0.3004216987231576,0.1960903086366015,0.24825600367987954,0.8617434910520714,8,0,True,True,0.4960212201591511,0.4156479217603912,0.26701570680628267,0.10646387832699619,0.341995841995842,0.2517482517482518,0.13846153846153847,0.09292035398230089,0.3021488483455961,0.017799776307119968,0.680051375347284,0,0.7544860990530569,0.04785037783428174,0.19766352311266147,0,0.28971399559993233,0.0,0.7102860044000676,0,0.10341494486294096,0.04600772943290061,0.8505773257041584,0,0.5283174736993265,0.19656447023143664,0.08946002446935375,-0.5838671948206764,0,0,0.1292,0.0543,0.499,0.2074,0.1051,1,SMCI
TPL,Texas Pacific Land Corporation,Energy,358.52,24728801280,0.29465680340796263,0.27764123410266195,0.2861490187553123,0.8738149745664937,8,0,False,False,0.4719346049046321,0.35196374622356497,0.2047244094488189,0.2138157894736842,0.4743202416918429,0.2422360248447205,0.3448275862068966,0.09292035398230089,0.30609160017319875,0.018032046265950143,0.6758763535608511,0,0.04169944140209903,0.6048871911622128,0.35341336743568824,0,0.34143173268876237,0.024489597493449918,0.6340786698177878,0,0.24229784270016308,0.4786760343595104,0.2790261229403265,0,0.1738955207876489,0.2918647876944627,-0.34074933971062077,-0.16468760868459445,0,0,0.1292,0.0543,0.499,0.144,0.1019,4,TPL
DELL,Dell Technologies Inc.,Technology,490.81,317133160448,0.28575679571685936,0.08015696330057387,0.1829568795087166,0.8384178397346473,8,0,True,False,0.4719346049046321,0.4156479217603912,0.26701570680628267,0.07239819004524888,0.15752032520325204,0.0078125,0.104199066874028,0.05865921787709497,0.28955866934047253,0.02025840569235624,0.6901829249671712,0,0.5535546183179717,0.05041024616289344,0.39603513551913483,0,0.26587521892602567,0.0024885585799117775,0.7316362224940627,0,0.07851704622539334,0.04182797451796703,0.8796549792566398,0,0.4215566438292221,0.1721961325757095,-0.12155238641393087,-0.6334494682996418,0,0,0.1292,0.0543,0.499,0.2074,0.1051,1,SMCI
CSGP,"CoStar Group, Inc.",Real Estate,32.38,13120299008,0.2856055691469913,0.27855272508914347,0.28207914711806736,0.8931317518568679,8,0,True,False,0.4719346049046321,0.3726453726453726,0.26701570680628267,0.10646387832699619,0.341995841995842,0.2517482517482518,0.3448275862068966,0.18933333333333333,0.2946123104012761,0.012346280857170992,0.6930414087415528,0,0.09270739312254028,0.27431019774251647,0.6329824091349433,0,0.3659697551795949,0.0023236174932037773,0.6317066273272014,0,0.31299487657196085,0.1047973917093619,0.5822077317186772,0,0.1936598517619082,0.3394823158757779,-0.4693520571763399,-0.26747486364716144,0,0,0.1292,0.0543,0.499,0.084,0.0224,11,CSGP
ANET,"Arista Networks, Inc.",Technology,198.82,250756710400,0.27672877727214834,0.18378456993630385,0.23025667360422608,0.8247640781030635,8,0,True,False,0.5199999999999999,0.4823529411764705,0.2047244094488189,0.014505119453924915,0.2645161290322581,0.32867132867132864,0.13846153846153847,0.0440251572327044,0.3118177060005244,0.04530822920609591,0.6428740647933797,0,0.34370943669572235,0.23892910445947194,0.41736145884480574,0,0.26949562269978244,0.002522445103485959,0.7279819321967317,0,0.10121029588692265,0.06634539035050396,0.8324443137625733,0,0.3277635713481234,0.18535295929335255,-0.20235419047096936,-0.5948601636863,0,0,0.1292,0.0543,0.499,0.2074,0.1051,1,SMCI
CIEN,Ciena Corporation,Technology,428.77,60693647360,0.27666079123986503,0.15356339885302764,0.21511209504644635,0.841948037901981,8,0,True,False,0.5096065873741995,0.4156479217603912,0.2047244094488189,0.075,0.341995841995842,0.08841843088418432,0.104199066874028,0.1111111111111111,0.2863069732718464,0.03393771528149491,0.6797553114466587,0,0.7129163213430588,0.10031078524240292,0.1867728934145382,0,0.29503596485822464,0.002457919635018385,0.7025061155067571,0,0.1452260647734421,0.1874477551084228,0.667326180118135,0,0.4996116473074526,0.22013101481583336,0.06634754487685418,-0.4647851329966127,0,0,0.1292,0.0543,0.499,0.2074,0.1051,1,SMCI
GLW,Corning Incorporated,Technology,165.99,142691287040,0.2763007989383981,0.1842109383214656,0.23025586862993186,0.849692444230291,8,0,True,True,0.5096065873741995,0.3726453726453726,0.26701570680628267,0.04878048780487805,0.341995841995842,0.2422360248447205,0.13846153846153847,0.05865921787709497,0.29417967762516406,0.020581705494611323,0.6852386168802247,0,0.3563427302993857,0.11122566532623449,0.5324316043743799,0,0.2990201660436694,0.002444028364208238,0.6985358055921225,0,0.2712205780946726,0.14730800331834357,0.5814714185869839,0,0.32526120396227487,0.28512037206917096,-0.2835739066650274,-0.3548832400203822,0,0,0.1292,0.0543,0.499,0.2074,0.1051,1,SMCI
GDDY,GoDaddy Inc.,Technology,94.91,12020133888,0.27052636176579364,0.16339861851146129,0.21696249013862745,0.8559971899621426,8,0,True,True,0.5096065873741995,0.3129445234708393,0.26701570680628267,0.07692307692307693,0.341995841995842,0.15384615384615385,0.13846153846153847,0.05865921787709497,0.2942219306982318,0.020580473395904953,0.6851975959058632,0,0.4290288794439164,0.3320716486861043,0.23889947186997926,0,0.32006430467667213,0.0,0.6799356953233278,0,0.2562508272289242,0.19437149254623795,0.5493776802248378,0,0.3616254050710741,0.2881575659527982,-0.1004231288168471,-0.3264991218212846,0,0,0.1292,0.0543,0.499,0.2074,0.1051,1,SMCI
NOW,"ServiceNow, Inc.",Technology,124.0,128198893568,0.27029883508429897,0.22849752647771554,0.24939818078100726,0.8418555262577089,8,0,True,False,0.47927927927927927,0.3726453726453726,0.26701570680628267,0.04878048780487805,0.455,0.13970588235294118,0.30303030303030304,0.05865921787709497,0.30609160017319875,0.018032046265950143,0.6758763535608511,0,0.2914665121875139,0.3270888106590615,0.3814446771534245,0,0.2805986851307875,0.0,0.7194013148692124,0,0.14159445032740478,0.20776694832839884,0.6506386013441964,0,0.29877905618035633,0.21109656772909613,-0.22988145917678146,-0.4739233903776082,0,0,0.1292,0.0543,0.499,0.2074,0.1051,1,SMCI
DDOG,"Datadog, Inc.",Technology,255.46,91729305600,0.26904253837375275,0.10764084998185985,0.1883416941778063,0.8382736526563743,8,0,True,False,0.5096065873741995,0.4156479217603912,0.2047244094488189,0.04878048780487805,0.19754601226993865,0.04704301075268817,0.104199066874028,0.09292035398230089,0.3217878115741244,0.017624161291143282,0.6605880271347323,0,0.21946752407810644,0.09368191286310093,0.6868505630587928,0,0.26587521892602567,0.0024885585799117775,0.7316362224940627,0,0.09953343923338118,0.044280906863553945,0.8561856539030649,0,0.2706276678261154,0.1827043290797034,-0.4030916272706471,-0.6112066091188604,0,0,0.1292,0.0543,0.499,0.2074,0.1051,1,SMCI
CVNA,Carvana Co.,Consumer Cyclical,75.59,112483377152,0.2640122022309014,0.24009501010516293,0.2520536061680322,0.8647613533184677,8,0,True,False,0.4719346049046321,0.35196374622356497,0.26701570680628267,0.04878048780487805,0.341995841995842,0.08841843088418432,0.3448275862068966,0.18933333333333333,0.29034474189228365,0.020313401720257897,0.6893418563874583,0,0.22253593365798538,0.13796412736854954,0.6394999389734652,0,0.3193046946040886,0.002373304556254377,0.678322000839657,0,0.2496122989560731,0.21524240126478333,0.5351452997791435,0,0.25644033777513453,0.28445849678008084,-0.4079805599053272,-0.3222751535293194,0,0,0.1292,0.0543,0.499,0.137,0.0573,5,CVNA
LRCX,Lam Research Corporation,Technology,332.36,415889031168,0.2585523015132619,0.11240233932281,0.18547732041803597,0.8383648408535388,8,0,True,False,0.47927927927927927,0.4156479217603912,0.2047244094488189,0.03333333333333333,0.2645161290322581,0.04704301075268817,0.104199066874028,0.05865921787709497,0.29967639350463393,0.017814357019903634,0.6825092494754623,0,0.3135479903536453,0.21796241982900427,0.4684895898173504,0,0.26949562269978244,0.002522445103485959,0.7279819321967317,0,0.10121029588692265,0.06634539035050396,0.8324443137625733,0,0.3066121919291396,0.18535295929335255,-0.26888722771726675,-0.5948601636863,0,0,0.1292,0.0543,0.499,0.2074,0.1051,1,SMCI
KLAC,KLA Corporation,Technology,203.72,266169712640,0.25338409367983833,0.2345280589774395,0.24395607632863892,0.8646258653810476,8,0,True,False,0.42,0.35196374622356497,0.2047244094488189,0.10714285714285714,0.455,0.12437810945273632,0.30303030303030304,0.09292035398230089,0.30539458355585936,0.01799098458413696,0.6766144318600036,0,0.0655519640025011,0.3608841457838179,0.573563890213681,0,0.3266083705671291,0.0023478396422126854,0.6710437897906582,0,0.24353013914042182,0.31049674949806527,0.44597311136151285,0,0.18547327377918021,0.28506925485377543,-0.4396158872576621,-0.27343919572231,0,0,0.1292,0.0543,0.499,0.2074,0.1051,1,SMCI
BLDR,"Builders FirstSource, Inc.",Industrials,72.51,7801819136,0.24856537443891433,0.23924095503908072,0.24390316473899754,0.8667239928544626,8,0,True,True,0.45092838196286467,0.3129445234708393,0.19887955182072828,0.10646387832699619,0.4743202416918429,0.2517482517482518,0.17418032786885246,0.1111111111111111,0.2753184810802105,0.056550867704929154,0.6681306512148603,0,0.28640415844351863,0.3214077488697278,0.39218809268675364,0,0.3193046946040886,0.002373304556254377,0.678322000839657,0,0.23159887526615544,0.2952845927463817,0.47311653198746284,0,0.28086131976186457,0.275451784935122,-0.24929805218894238,-0.3002674814784379,0,0,0.1292,0.0543,0.499,0.1201,0.0428,8,BLDR
MCHP,Microchip Technology Incorporat,Technology,79.17,42989998080,0.24741038462639336,0.23563106014107002,0.24152072238373168,0.815779749622068,8,0,True,True,0.5096065873741995,0.3726453726453726,0.19887955182072828,0.014505119453924915,0.455,0.4139194139194139,0.104199066874028,0.0440251572327044,0.32437790499354974,0.04713327109402901,0.6284888239124214,0,0.2972191656786749,0.43941060102286805,0.26337023329845716,0,0.33730369537244237,0.014855663484056763,0.6478406411435009,0,0.25346774857147686,0.30848269095466735,0.4380495604738559,0,0.31079853533611235,0.2953857219719596,-0.13513099326932698,-0.2475593788367188,0,0,0.1292,0.0543,0.499,0.2074,0.1051,1,SMCI
FDS,FactSet Research Systems Inc.,Financial Services,283.49,10082476032,0.24670962846110578,0.09237122381095438,0.16954042613603007,0.8460526678132213,8,0,True,False,0.47927927927927927,0.38815789473684204,0.14437086092715232,0.07239819004524888,0.19754601226993865,0.04061895551257253,0.104199066874028,0.0440251572327044,0.2486769792354806,0.059430292484332646,0.6918927282801867,0,0.08919965647677632,0.2639312203975668,0.6468691231256569,0,0.2593607484786865,0.017579582951777323,0.7230596685695361,0,0.07031847029870565,0.23712489078383295,0.6925566389174616,0,0.16893831785612845,0.16483960938869607,-0.5004426078467934,-0.5429685443548027,0,0,0.1292,0.0543,0.499,0.094,0.0276,10,HOOD
PSKY,Paramount Skydance Corporation,Communication Services,10.14,11348415488,0.24276052496165113,0.1729764173099879,0.20786847113581952,0.8746332501169707,8,0,True,False,0.41733067729083667,0.35196374622356497,0.2047244094488189,0.07239819004524888,0.341995841995842,0.15384615384615385,0.17418032786885246,0.05865921787709497,0.2453146231291632,0.07214771534030114,0.6825376615305356,0,0.04314253915655933,0.24065447623268252,0.7162029846107582,0,0.3381911741686876,0.016113950422800574,0.6456948754085119,0,0.24003187658763736,0.32539215176111635,0.4345759716512463,0,0.14422858114286125,0.2891115253781625,-0.5551417419277856,-0.2510238981517166,0,0,0.1292,0.0543,0.499,0.1555,0.0796,3,TTD
PODD,Insulet Corporation,Healthcare,143.34,9941230592,0.23180508340443975,0.15611687821985645,0.1939609808121481,0.8534230510126323,8,0,True,False,0.45092838196286467,0.3129445234708393,0.19887955182072828,0.04878048780487805,0.19754601226993865,0.019830028328611898,0.3448275862068966,0.05865921787709497,0.2956591555216587,0.0433502559401255,0.6609905885382159,0,0.16020636545308323,0.4745646190380624,0.3652290155088544,0,0.3193046946040886,0.002373304556254377,0.678322000839657,0,0.10593631508045064,0.31719842196286757,0.5768652629566817,0,0.227932760487371,0.21262050484226963,-0.2851770415361642,-0.4149731270558997,0,0,0.1292,0.0543,0.499,0.1232,0.0467,7,MRNA
AXON,"Axon Enterprise, Inc.",Industrials,612.83,49784725504,0.23090730360682782,0.038183537593637025,0.13454542060023242,0.8223215869419043,8,0,True,False,0.5096065873741995,0.3726453726453726,0.14437086092715232,0.009831460674157303,0.10530749789385004,0.0078125,0.0443298969072165,0.006440532417346501,0.2753184810802105,0.056550867704929154,0.6681306512148603,0,0.006881106888024875,0.22435169276864494,0.7687672003433303,0,0.26235530880496954,0.015694567897766604,0.7219501232972638,0,0.03789416895971679,0.5115539354409372,0.45055189559934605,0,0.1410997939841177,0.15012473888234318,-0.5773491317949776,-0.43612627056596176,0,0,0.1292,0.0543,0.499,0.1201,0.0428,8,BLDR
CPRT,"Copart, Inc.",Industrials,31.61,30450180096,0.23050662247591744,0.23333256710634445,0.23191959479113095,0.8101337597351768,8,0,True,True,0.5096065873741995,0.35196374622356497,0.13574660633484162,0.03333333333333333,0.4743202416918429,0.4139194139194139,0.104199066874028,0.0210896309314587,0.26616410492421794,0.11347066819334468,0.6203652268824372,0,0.08927956546237889,0.42266951499381833,0.48805091954380286,0,0.341157804252438,0.025272243081404994,0.633569952666157,0,0.2800814458021201,0.4420430730693778,0.27787548112850213,0,0.17772183519329843,0.310619625027279,-0.3764862380198216,-0.14510309187005052,0,0,0.1292,0.0543,0.499,0.1201,0.0428,8,BLDR
HPQ,HP Inc.,Technology,30.11,27536279552,0.22609063221386602,0.3309052995402874,0.2784979658770767,0.844630321974877,8,0,True,True,0.4719346049046321,0.35196374622356497,0.10583446404341927,0.07239819004524888,0.4743202416918429,0.4139194139194139,0.3448275862068966,0.13855421686746988,0.2445965478925781,0.10427602074689417,0.6511274313605278,0,0.15053086148433992,0.44590376126289116,0.4035653772527689,0,0.31785080994033454,0.017901404104607742,0.6642477859550577,0,0.316502520410696,0.2205120692242588,0.46298541036504515,0,0.19756370468845902,0.31717666517551524,-0.3297826996181893,-0.24643993298453618,0,0,0.1292,0.0543,0.499,0.2074,0.1051,1,SMCI
FSLR,"First Solar, Inc.",Technology,225.56,24240885760,0.22367799777030284,0.14736107914549,0.18551953845789643,0.8301426865065223,8,0,True,False,0.5096065873741995,0.35196374622356497,0.13574660633484162,0.009831460674157303,0.28125,0.2926829268292683,0.05613577023498695,0.010356731875719217,0.3001992217488908,0.0603264991330189,0.6394742791180902,0,0.16488757665228254,0.4811870694223636,0.35392535392535396,0,0.31527074016810014,0.014976879453691286,0.6697523803782086,0,0.14378261195948333,0.3316751260864181,0.5245422619540986,0,0.23254339920058667,0.22952667606379173,-0.2641564173211354,-0.36762064510236186,0,0,0.1292,0.0543,0.499,0.2074,0.1051,1,SMCI
NCLH,Norwegian Cruise Line Holdings ,Consumer Cyclical,19.01,8729160704,0.2218819877985531,0.2305548390449608,0.22621841342175694,0.885319874935754,8,0,True,False,0.45092838196286467,0.3129445234708393,0.13574660633484162,0.075,0.341995841995842,0.2422360248447205,0.17418032786885246,0.18933333333333333,0.27884161998616486,0.05727452621631935,0.6638838537975157,0,0.1571796573778309,0.39179885368123873,0.4510214889409304,0,0.2946867963473875,0.01690050758775431,0.6884126960648583,0,0.2978550066068517,0.1946447833872682,0.5075002100058802,0,0.21801063868199788,0.2962709014771196,-0.33944203268722517,-0.30168555155824966,0,0,0.1292,0.0543,0.499,0.137,0.0573,5,CVNA
ON,ON Semiconductor Corporation,Technology,82.66,32180506624,0.22184614819490966,0.14387557849272817,0.1828608633438189,0.8538633271874103,8,0,True,False,0.45092838196286467,0.3129445234708393,0.19887955182072828,0.014505119453924915,0.341995841995842,0.08841843088418432,0.13846153846153847,0.0440251572327044,0.28326405836832713,0.05692329537704886,0.6598126462546241,0,0.2789395252165342,0.49631251395387876,0.22474796082958703,0,0.3193046946040886,0.002373304556254377,0.678322000839657,0,0.24003187658763736,0.32539215176111635,0.4345759716512463,0,0.28110179179243067,0.279668285595863,-0.1611785117496749,-0.27678070064958865,0,0,0.1292,0.0543,0.499,0.2074,0.1051,1,SMCI
TSLA,"Tesla, Inc.",Consumer Cyclical,342.27,1351811596288,0.22175296907065584,0.07007712878250608,0.14591504892658097,0.8399798691756446,8,0,True,False,0.4719346049046321,0.35196374622356497,0.14437086092715232,0.020618556701030927,0.19754601226993865,0.0006709158000670916,0.05613577023498695,0.0440251572327044,0.28744669447999227,0.05776381652262053,0.6547894889973872,0,0.15977203437160886,0.41824050838197613,0.421987457246415,0,0.31480938134145353,0.016418336123196067,0.6687722825353504,0,0.10223209126707701,0.4136613322565986,0.4841065764763243,0,0.22360936442580057,0.20852073630426526,-0.31477910869610054,-0.3679186932015721,0,0,0.1292,0.0543,0.499,0.137,0.0573,5,CVNA
FLEX,Flex Ltd.,Technology,126.16,46603882496,0.2199766694018074,0.15787280043613341,0.1889247349189704,0.8612439584854266,8,0,True,False,0.4719346049046321,0.35196374622356497,0.14437086092715232,0.014505119453924915,0.2645161290322581,0.13846153846153847,0.13846153846153847,0.1111111111111111,0.2486769792354806,0.059430292484332646,0.6918927282801867,0,0.6323377924293774,0.10829149524972306,0.25937071232089975,0,0.29503596485822464,0.002457919635018385,0.7025061155067571,0,0.1594134343310849,0.08050657588752957,0.7600799897813856,0,0.440507385832429,0.22722469959465477,-0.03512433446811422,-0.5040683530494166,0,0,0.1292,0.0543,0.499,0.2074,0.1051,1,SMCI
MNST,Monster Beverage Corporation,Consumer Defensive,46.82,91722801152,0.2197406913041437,0.10663877055403188,0.16318973092908778,0.8920130120795396,8,0,False,False,0.3833734111989007,0.2651036970243464,0.07123034227567067,0.2138157894736842,0.19754601226993865,0.13846153846153847,0.05613577023498695,0.05865921787709497,0.2123339029921519,0.18732721551810633,0.6003388814897417,0,0.19177101331515087,0.38685281437677854,0.4213761723080706,0,0.31347556279077216,0.09300679398346696,0.5935176432257607,0,0.05032744237970592,0.6306094774053638,0.31906308021493035,0,0.2020524581536514,0.18190150258523904,-0.30880506874525476,-0.27438885913510647,0,0,0.1292,0.0543,0.499,0.1024,0.0372,9,MNST
CDW,CDW Corporation,Technology,139.42,17429929984,0.2186187068993311,0.10362611033749472,0.16112240861841293,0.8508951243774583,8,0,True,False,0.4719346049046321,0.35196374622356497,0.14437086092715232,0.009831460674157303,0.19754601226993865,0.08841843088418432,0.104199066874028,0.0440251572327044,0.29178439339940776,0.059504778719223016,0.6487108278813692,0,0.2893842668863262,0.4048857084019769,0.30573002471169686,0,0.2911774579836446,0.015503864649283694,0.6933186773670718,0,0.14667644484986192,0.3182241219960611,0.535099433154077,0,0.290584330142867,0.21892695141675325,-0.18663609615366608,-0.3952821038438211,0,0,0.1292,0.0543,0.499,0.2074,0.1051,1,SMCI
VRT,"Vertiv Holdings, LLC",Industrials,293.84,113124917248,0.21729357783723643,0.09563847890654051,0.15646602837188847,0.8811392899253837,8,0,True,False,0.42,0.2803819444444444,0.13574660633484162,0.10646387832699619,0.15752032520325204,0.01088646967340591,0.104199066874028,0.1111111111111111,0.23859971156719179,0.07017284110847302,0.6912274473243352,0,0.01692022796968303,0.5775482049541921,0.40553156707612487,0,0.2847486912804975,0.017138641539055748,0.6981126671804467,0,0.14159445032740478,0.20776694832839884,0.6506386013441964,0,0.1277599697684374,0.21317157080395116,-0.4206195374317926,-0.4612040634583704,0,0,0.1292,0.0543,0.499,0.1201,0.0428,8,BLDR
ACN,Accenture plc,Technology,176.89,108246433792,0.21527893606960058,0.10391766963581228,0.15959830285270643,0.8548762122686233,8,0,True,False,0.45092838196286467,0.30703484549638393,0.14437086092715232,0.04878048780487805,0.28125,0.04061895551257253,0.104199066874028,0.0210896309314587,0.27970671470889197,0.056208429802326376,0.6640848554887815,0,0.2939650005855741,0.4691806691233382,0.2368543302910876,0,0.2946867963473875,0.01690050758775431,0.6884126960648583,0,0.10593631508045064,0.31719842196286757,0.5768652629566817,0,0.2868358576472331,0.20031155571391907,-0.1636337352427015,-0.43232742379685096,0,0,0.1292,0.0543,0.499,0.2074,0.1051,1,SMCI
CTSH,Cognizant Technology Solutions ,Technology,58.79,27807670272,0.21263459218097736,0.15823135476966327,0.1854329734753203,0.8518113863727043,8,0,True,True,0.4719346049046321,0.3129445234708393,0.14437086092715232,0.020618556701030927,0.341995841995842,0.18840579710144928,0.104199066874028,0.0440251572327044,0.2872007479355244,0.058570017247308384,0.6542292348171673,0,0.5835260135031731,0.3080665019393678,0.10840748455745913,0,0.31785080994033454,0.017901404104607742,0.6642477859550577,0,0.18555351303552575,0.31549422498039653,0.4989522619840777,0,0.43536338071934877,0.2517021614879301,0.05404502103203554,-0.32989786248163755,0,0,0.1292,0.0543,0.499,0.2074,0.1051,1,SMCI
MOS,Mosaic Company (The),Basic Materials,21.61,6869725184,0.21206521411011295,0.15257691384931707,0.182321063979715,0.8614190314611756,8,0,True,False,0.45092838196286467,0.35196374622356497,0.13574660633484162,0.009831460674157303,0.28125,0.13970588235294118,0.104199066874028,0.1111111111111111,0.24986034990710831,0.09915772437461699,0.6509819257182747,0,0.044717116503902726,0.4151302141881376,0.5401526693079596,0,0.3182723449707448,0.016598940972409375,0.6651287140568458,0,0.13933390805922286,0.35235342252784224,0.508312669412935,0,0.1472887332055055,0.22880312651498383,-0.4482785643076116,-0.3579175652199066,0,0,0.1292,0.0543,0.499,0.1299,0.0466,6,MOS
ORCL,Oracle Corporation,Technology,150.52,433568514048,0.21074697139683457,0.18187094057122616,0.19630895598403036,0.8460935573929731,8,0,True,False,0.41733067729083667,0.3129445234708393,0.17647058823529413,0.020618556701030927,0.455,0.08841843088418432,0.17418032786885246,0.05865921787709497,0.28326043709311044,0.05904471808916526,0.6576948448177242,0,0.47104389241703626,0.3517572664514624,0.17719884113150136,0,0.3368617877392828,0.01614631878384391,0.6469918934768732,0,0.14763038282161142,0.3657008739615441,0.4866687432168444,0,0.37715216475507335,0.2422460852804471,-0.04029467821953944,-0.3245842330664117,0,0,0.1292,0.0543,0.499,0.2074,0.1051,1,SMCI
BAX,Baxter International Inc.,Healthcare,26.73,13819302912,0.2102383622260677,0.19448772486854865,0.20236304354730816,0.8612673801277182,8,0,True,False,0.4719346049046321,0.3129445234708393,0.13574660633484162,0.020618556701030927,0.341995841995842,0.2294315364231693,0.104199066874028,0.13855421686746988,0.2463722139774926,0.0977734486333134,0.6558543373891941,0,0.17029761604080704,0.4969750447912625,0.3327273391679304,0,0.2669443427716846,0.018932428883751937,0.7141232283445634,0,0.14378261195948333,0.3316751260864181,0.5245422619540986,0,0.2083349150091498,0.20536347736558397,-0.28595592326941244,-0.41396926778374704,0,0,0.1292,0.0543,0.499,0.1232,0.0467,7,MRNA
TER,"Teradyne, Inc.",Technology,418.79,65473945600,0.20947726369437902,0.1018773597441002,0.1556773117192396,0.8473366666193194,8,0,True,False,0.4719346049046321,0.30703484549638393,0.14437086092715232,0.014505119453924915,0.2645161290322581,0.019830028328611898,0.104199066874028,0.0440251572327044,0.24505061601078376,0.0720700701099366,0.6828793138792797,0,0.21546428162844972,0.29078077125490476,0.49375494711664564,0,0.2658427603261002,0.01604269523731855,0.7181145444365813,0,0.06372723238591774,0.16972638247107705,0.7665463851430052,0,0.23025744881961674,0.16478499635600896,-0.3580596816783459,-0.5775454684337843,0,0,0.1292,0.0543,0.499,0.2074,0.1051,1,SMCI
TRMB,Trimble Inc.,Technology,57.6,13431158784,0.2070810337394694,0.14783600409533432,0.17745851891740186,0.8402611587216848,8,0,True,True,0.4719346049046321,0.30703484549638393,0.13574660633484162,0.014505119453924915,0.341995841995842,0.24390243902439024,0.05613577023498695,0.006440532417346501,0.2659016427396196,0.1489590349061558,0.5851393223542246,0,0.5388713387040531,0.34109763931320164,0.1200310219827452,0,0.34364078350296756,0.049472777075397364,0.6068864394216351,0,0.13436302144936133,0.4516897954950233,0.41394718305561534,0,0.40238649072183635,0.23900190247616443,0.04980131855335146,-0.27141490876246077,0,0,0.1292,0.0543,0.499,0.2074,0.1051,1,SMCI
FICO,Fair Isaac Corporation,Technology,1085.78,23450281984,0.20534306717534412,0.10855436310902195,0.15694871514218303,0.8538033886466038,8,0,True,False,0.45092838196286467,0.3129445234708393,0.14437086092715232,0.009831460674157303,0.2645161290322581,0.08841843088418432,0.104199066874028,0.010356731875719217,0.28326405836832713,0.05692329537704886,0.6598126462546241,0,0.15654258634563264,0.48658086549393414,0.35687654816043335,0,0.3143969634917002,0.017706882967462065,0.6678961535408378,0,0.23076982810971633,0.31283632823137725,0.45639384365890645,0,0.2199033223569799,0.2725833958007083,-0.2884412748505488,-0.2895616027991638,0,0,0.1292,0.0543,0.499,0.2074,0.1051,1,SMCI
PLTR,Palantir Technologies Inc.,Technology,174.04,418228273152,0.20534306717534412,0.13392778803929456,0.16963542760731934,0.8628869241439778,8,0,True,True,0.45092838196286467,0.3129445234708393,0.14437086092715232,0.009831460674157303,0.2645161290322581,0.13846153846153847,0.104199066874028,0.05865921787709497,0.29203825653853194,0.058686513333524974,0.6492752301279432,0,0.3635608702873277,0.3103360460610087,0.32610308365166363,0,0.281855185001677,0.0025038755930521122,0.7156409394052708,0,0.09994967181684741,0.28147103889549585,0.6185792892876567,0,0.3277995634129298,0.1909024284092622,-0.1598895934768736,-0.47620768593720153,0,0,0.1292,0.0543,0.499,0.2074,0.1051,1,SMCI
LULU,lululemon athletica inc.,Consumer Cyclical,119.55,13575371776,0.2041286582618848,0.0603445313873846,0.1322365948246347,0.8432258368043231,8,0,True,False,0.4719346049046321,0.30703484549638393,0.10543130990415335,0.03333333333333333,0.19754601226993865,0.0078125,0.05613577023498695,0.0034569453174104338,0.25874539538387437,0.11030793545402656,0.630946669162099,0,0.2936300939852675,0.5224512015828996,0.18391870443183286,0,0.3134714042769592,0.053101124579852256,0.6334274711431885,0,0.03872376615598592,0.5111128366585679,0.4501633971854462,0,0.27618774468457097,0.17609758521647256,-0.13124494211239496,-0.3656978489478448,0,0,0.1292,0.0543,0.499,0.137,0.0573,5,CVNA
MPWR,"Monolithic Power Systems, Inc.",Technology,1402.01,68898979840,0.20379961573738686,0.07264531855989823,0.13822246714864256,0.8361913134556331,8,0,True,False,0.4719346049046321,0.30703484549638393,0.13574660633484162,0.003211561621838619,0.2645161290322581,0.008771929824561403,0.0443298969072165,0.006440532417346501,0.248522390876345,0.07309112878769118,0.6783864803359638,0,0.02663466738872243,0.482239402137276,0.49112593047400155,0,0.3143969634917002,0.017706882967462065,0.6678961535408378,0,0.10593631508045064,0.31719842196286757,0.5768652629566817,0,0.1375785291325337,0.21016663928607543,-0.447177676272449,-0.4122140689626843,0,0,0.1292,0.0543,0.499,0.2074,0.1051,1,SMCI
AKAM,"Akamai Technologies, Inc.",Technology,124.99,17963139072,0.20294683722043447,0.15648493164174265,0.17971588443108855,0.8602344016629764,8,0,True,True,0.45092838196286467,0.3129445234708393,0.13574660633484162,0.009831460674157303,0.2645161290322581,0.2517482517482518,0.104199066874028,0.0440251572327044,0.2423342351838434,0.09617096633310022,0.6614947984830564,0,0.3561280792682218,0.3759484930156453,0.2679234277161329,0,0.290736386287114,0.016995166151995898,0.69226844756089,0,0.15009354960456406,0.22023800151072628,0.6296684488847097,0,0.2992311572260326,0.22041496794583904,-0.16547795587356204,-0.44055348027696084,0,0,0.1292,0.0543,0.499,0.2074,0.1051,1,SMCI
FIX,"Comfort Systems USA, Inc.",Industrials,1774.06,62436851712,0.20177333285237606,0.05313246563835107,0.12745289924536357,0.835189053260404,8,0,True,False,0.5096065873741995,0.2803819444444444,0.10583446404341927,0.020618556701030927,0.17482517482517482,0.0078125,0.0443298969072165,0.006440532417346501,0.23859971156719179,0.07017284110847302,0.6912274473243352,0,0.013989398765644236,0.70072586831417,0.28528473292018564,0,0.2588468671489289,0.048692080873022674,0.6924610519780483,0,0.1357821451380875,0.2945882276021794,0.5696296272597331,0,0.12629455516641802,0.1973145061435082,-0.3619615349558424,-0.4337308334753825,0,0,0.1292,0.0543,0.499,0.1201,0.0428,8,BLDR
CRWD,"CrowdStrike Holdings, Inc.",Technology,216.95,220911337472,0.19802035545502933,0.10391766963581228,0.1509690125454208,0.8675493442259739,8,0,True,False,0.38640132669983424,0.30703484549638393,0.14437086092715232,0.03333333333333333,0.28125,0.04061895551257253,0.104199066874028,0.0210896309314587,0.2463722139774926,0.0977734486333134,0.6558543373891941,0,0.21675463443555779,0.4066197592998948,0.37662560626454744,0,0.3622160712950279,0.024939467203919957,0.6128444615010521,0,0.12941543576878667,0.43505743682857945,0.4355271274026339,0,0.2315634242065252,0.2458157535319073,-0.28467654762034555,-0.27837004091993567,0,0,0.1292,0.0543,0.499,0.2074,0.1051,1,SMCI
INTU,Intuit Inc.,Technology,345.66,94550794240,0.19791296810066217,0.10770060877478031,0.15280678843772125,0.8735062118489788,8,0,True,False,0.41733067729083667,0.2803819444444444,0.14437086092715232,0.03333333333333333,0.21782178217821782,0.08841843088418432,0.13846153846153847,0.010356731875719217,0.24282190515091,0.05803101231600648,0.6991470825330836,0,0.28416257548066065,0.45353558089653107,0.26230184362280823,0,0.336427782129082,0.017413895080135043,0.646158322790783,0,0.23181044428659997,0.42466129356747234,0.3435282621459276,0,0.26349224031578533,0.284119113207841,-0.21723222276216056,-0.21072417926051432,0,0,0.1292,0.0543,0.499,0.2074,0.1051,1,SMCI
FISV,"Fiserv, Inc.",Unknown,54.39,28922791936,0.19765560394229398,0.13742250326240993,0.16753905360235194,0.8564562010296859,8,0,True,False,0.41733067729083667,0.3129445234708393,0.13574660633484162,0.014505119453924915,0.341995841995842,0.08841843088418432,0.13846153846153847,0.0210896309314587,0.2445965478925781,0.10427602074689417,0.6511274313605278,0,0.09200256399968162,0.3586280136784962,0.5493694223218222,0,0.3143969634917002,0.017706882967462065,0.6678961535408378,0,0.12866015003794218,0.4019667790146938,0.469373070947364,0,0.16829955594612986,0.2215285567648212,-0.4319488708950451,-0.3471060554792797,0,0,0.1292,0.0543,0.499,0.1977,0.1374,2,FISV
BSX,Boston Scientific Corporation,Healthcare,51.83,75113570304,0.1974181690999761,0.12882081221922317,0.16311949065959963,0.8570595226336474,8,0,True,False,0.4110012360939431,0.30703484549638393,0.14437086092715232,0.014505119453924915,0.341995841995842,0.08841843088418432,0.10638297872340426,0.0210896309314587,0.2463722139774926,0.0977734486333134,0.6558543373891941,0,0.28843991163317795,0.5470540109011318,0.16450607746569015,0,0.3087191226723047,0.0461165823065175,0.6451642950211778,0,0.106910146939205,0.5748033266578335,0.3182865264029615,0,0.2674060628053353,0.20781463480575485,-0.14277414462210686,-0.2739107759063148,0,0,0.1292,0.0543,0.499,0.1232,0.0467,7,MRNA
FTNT,"Fortinet, Inc.",Technology,160.01,117401518080,0.1963733209842465,0.0971730351071765,0.1467731780457115,0.8436950369254256,8,0,True,False,0.4719346049046321,0.35196374622356497,0.07123034227567067,0.003211561621838619,0.19754601226993865,0.08841843088418432,0.104199066874028,0.0210896309314587,0.24529687122265917,0.1394984914347232,0.6152046373426177,0,0.1711313421264916,0.5323352854284308,0.2965333724450777,0,0.29131670323885556,0.02631831734334094,0.6823649794178035,0,0.08283134518697048,0.3255752611668344,0.5915933936461951,0,0.20821410667457538,0.18707402421291303,-0.24765489821927228,-0.4499051623190863,0,0,0.1292,0.0543,0.499,0.2074,0.1051,1,SMCI
CHTR,"Charter Communications, Inc.",Communication Services,154.27,20792123392,0.19629764143981768,0.1393150641104942,0.16780635277515593,0.8523276013724044,8,0,True,False,0.41733067729083667,0.3129445234708393,0.13574660633484162,0.009831460674157303,0.341995841995842,0.01088646967340591,0.17418032786885246,0.05865921787709497,0.23928324355759373,0.0949601724361998,0.6657565840062065,0,0.027415638666060425,0.4418159855975393,0.5307683757364003,0,0.31480938134145353,0.016418336123196067,0.6687722825353504,0,0.10593631508045064,0.31719842196286757,0.5768652629566817,0,0.1333494411118271,0.2103728482109521,-0.4649130387594763,-0.41244592453506396,0,0,0.1292,0.0543,0.499,0.1555,0.0796,3,TTD
NRG,"NRG Energy, Inc.",Utilities,126.24,26536970240,0.19452166814016544,0.08899799600987676,0.1417598320750211,0.868160435254518,8,0,True,False,0.45092838196286467,0.2651036970243464,0.08023255813953488,0.07239819004524888,0.17482517482517482,0.04704301075268817,0.104199066874028,0.0440251572327044,0.2823178441910009,0.07242030057715214,0.6452618552318468,0,0.0014923306770771175,0.4707127173014668,0.5277949520214562,0,0.3372481037874915,0.02418952172999567,0.6385623744825129,0,0.136052637655977,0.41544506279110016,0.44850229955292287,0,0.141905087434039,0.23665037072173423,-0.44462331619261247,-0.30688196629598363,0,0,0.1292,0.0543,0.499,0.058,0.0155,12,NRG
ZTS,Zoetis Inc.,Healthcare,73.79,30491770880,0.19366397664259016,0.14387557849272817,0.16876977756765915,0.8607641898029422,8,0,True,False,0.4110012360939431,0.30703484549638393,0.13574660633484162,0.009831460674157303,0.341995841995842,0.08841843088418432,0.13846153846153847,0.0440251572327044,0.24061609460077615,0.10257908007616863,0.6568048253230553,0,0.16697848404293286,0.5903430525091793,0.24267846344788782,0,0.3173401731153849,0.01947917484834017,0.663180652036275,0,0.13060068311523035,0.40712100350757435,0.46227831337719527,0,0.2037972893218545,0.22397042811530765,-0.24594435506361706,-0.3387590545914275,0,0,0.1292,0.0543,0.499,0.1232,0.0467,7,MRNA
CRM,"Salesforce, Inc.",Technology,196.21,160695992320,0.1931427707219617,0.08864518081964956,0.14089397577080565,0.8541104271901379,8,0,True,True,0.45092838196286467,0.30703484549638393,0.10543130990415335,0.009831460674157303,0.21782178217821782,0.08841843088418432,0.05613577023498695,0.0210896309314587,0.2445965478925781,0.10427602074689417,0.6511274313605278,0,0.09769656715441558,0.4583265675864623,0.44397686525912217,0,0.3154163801540101,0.025423329486531334,0.6591602903594587,0,0.10279741850674677,0.33742985565199224,0.5597727258412609,0,0.17114655752349683,0.20910689933037843,-0.3764055907863281,-0.40035960876998133,0,0,0.1292,0.0543,0.499,0.2074,0.1051,1,SMCI
AVGO,Broadcom Inc.,Technology,392.99,1869681393664,0.19280356332296658,0.05556129690827251,0.12418243011561955,0.8429779638244685,8,0,True,False,0.4719346049046321,0.30703484549638393,0.09420289855072464,0.0050933786078098476,0.15752032520325204,0.01642710472279261,0.0443298969072165,0.0210896309314587,0.2689668023906513,0.11466550982817195,0.6163676877811768,0,0.36666868888533466,0.42500234393527425,0.208328967179391,0,0.31472933299353517,0.049301316141720855,0.635969350864744,0,0.08079771589315905,0.3923559105734716,0.5268463735333692,0,0.317817745637993,0.1977635244433471,-0.09453058184229092,-0.3836443377557095,0,0,0.1292,0.0543,0.499,0.2074,0.1051,1,SMCI
ALB,Albemarle Corporation,Basic Materials,136.15,16066387968,0.1902681282441169,0.06292057155413124,0.12659434989912408,0.8563722565438818,8,0,True,False,0.42,0.30703484549638393,0.10583446404341927,0.020618556701030927,0.19754601226993865,0.01642710472279261,0.05093833780160858,0.010356731875719217,0.23760794392386822,0.10129664994746218,0.6610954061286696,0,0.045172514562417755,0.39363757103503344,0.5611899144025487,0,0.2886159437727016,0.03534519425159531,0.676038861975703,0,0.13048214131925245,0.407659139598178,0.46185871908256954,0,0.14139022924314298,0.20954904254597703,-0.46975243102246617,-0.3593997479831592,0,0,0.1292,0.0543,0.499,0.1299,0.0466,6,MOS
APH,Amphenol Corporation,Technology,167.11,206043856896,0.18982871790208414,0.06593581288817851,0.1278822653951313,0.8437587042490371,8,0,True,False,0.47927927927927927,0.30703484549638393,0.08023255813953488,0.003211561621838619,0.15752032520325204,0.04704301075268817,0.05613577023498695,0.0210896309314587,0.23676158605256603,0.10140910287287803,0.6618293110745559,0,0.09575656316467508,0.6375070363472196,0.2667364004881053,0,0.292544613478417,0.026272716534768748,0.6811826699868143,0,0.10192583474919438,0.33456890461088973,0.5635052606399159,0,0.16625907460862055,0.19723522411380567,-0.29802378117271006,-0.42510874119955944,0,0,0.1292,0.0543,0.499,0.2074,0.1051,1,SMCI
GNRC,Generac Holdlings Inc.,Industrials,219.3,12939936768,0.18980686874023517,0.10362611033749472,0.14671648953886496,0.8577921765757393,8,0,True,False,0.4719346049046321,0.2803819444444444,0.10583446404341927,0.0050933786078098476,0.19754601226993865,0.08841843088418432,0.104199066874028,0.0440251572327044,0.2338573379047546,0.09280688778176416,0.6733357743134811,0,0.06477676136087596,0.35661641182055204,0.5786068268185721,0,0.2935697385266277,0.020627104741735583,0.6858031567316367,0,0.14147326054970194,0.35776350670988755,0.5007632327404106,0,0.14931704963281528,0.21752149953816483,-0.47665425093321134,-0.37576169519785885,0,0,0.1292,0.0543,0.499,0.1201,0.0428,8,BLDR
APA,APA Corporation,Energy,40.47,14178726912,0.18914730227145887,0.15928122033088574,0.1742142613011723,0.8501926050924697,8,0,True,True,0.4110012360939431,0.3726453726453726,0.07123034227567067,0.003211561621838619,0.341995841995842,0.15384615384615385,0.13846153846153847,0.0440251572327044,0.23801460176022157,0.13535711939370323,0.6266282788460751,0,0.06536455923702061,0.5460286150616908,0.38860682570128874,0,0.2783519252228676,0.050320935175979076,0.6713271396011533,0,0.14147326054970194,0.35776350670988755,0.5007632327404106,0,0.15168958049862108,0.20991259288628478,-0.3559279717750608,-0.37613259328449716,0,0,0.1292,0.0543,0.499,0.144,0.1019,4,TPL
LII,"Lennox International, Inc.",Industrials,422.01,14584950784,0.18888165048000116,0.05991528513126566,0.1243984678056334,0.8468909999423432,8,0,True,False,0.4719346049046321,0.27642276422764234,0.10583446404341927,0.0050933786078098476,0.17142857142857143,0.008771929824561403,0.05613577023498695,0.0210896309314587,0.2753184810802105,0.056550867704929154,0.6681306512148603,0,0.0008799181634052578,0.47100141849753807,0.5281186633390567,0,0.2935697385266277,0.020627104741735583,0.6858031567316367,0,0.13933390805922286,0.35235342252784224,0.508312669412935,0,0.1380991996218079,0.21645182329292528,-0.46002545765515057,-0.38060608977936056,0,0,0.1292,0.0543,0.499,0.1201,0.0428,8,BLDR
APTV,Aptiv PLC,Consumer Cyclical,49.56,10487913472,0.18868811344013792,0.1355351558505981,0.162111634645368,0.8745080206155894,8,0,True,False,0.41733067729083667,0.2803819444444444,0.13574660633484162,0.009831460674157303,0.24,0.04704301075268817,0.17418032786885246,0.09292035398230089,0.25277103509813176,0.07434066691136958,0.6728882979904987,0,0.00503092408270824,0.5737347002313319,0.4212343756859598,0,0.29412648154577437,0.029948509896490956,0.6759250085577346,0,0.1387912688795492,0.43361895109264414,0.42758978002780673,0,0.12890097959042,0.21645887521266177,-0.4181603572478092,-0.3352985190801089,0,0,0.1292,0.0543,0.499,0.137,0.0573,5,CVNA
DOW,Dow Inc.,Basic Materials,31.07,22443126784,0.18827223404250812,0.11808542026978748,0.1531788271561478,0.8622283094754942,8,0,True,True,0.45092838196286467,0.2803819444444444,0.10543130990415335,0.014505119453924915,0.24,0.13846153846153847,0.104199066874028,0.0210896309314587,0.23760794392386822,0.10129664994746218,0.6610954061286696,0,0.07263318912758178,0.47490437277331027,0.4524624380991079,0,0.29140558280868295,0.030063951063533993,0.678530466127783,0,0.23076982810971633,0.31283632823137725,0.45639384365890645,0,0.155120566525725,0.2610877054591996,-0.40165835558816376,-0.3063744494341451,0,0,0.1292,0.0543,0.499,0.1299,0.0466,6,MOS
ADBE,Adobe Inc.,Technology,264.02,104947949568,0.18809952610398661,0.06398705990822594,0.12604329300610628,0.8466510645141866,8,0,True,False,0.45092838196286467,0.30703484549638393,0.09420289855072464,0.003211561621838619,0.19754601226993865,0.015037593984962405,0.05613577023498695,0.010356731875719217,0.2469360959362813,0.1052734132385114,0.6477904908252073,0,0.02779297825433834,0.5016318174701574,0.4705752042755043,0,0.29018049246537814,0.030115928690277814,0.6797035788443441,0,0.08406574669238454,0.4392528621362436,0.4766813911713719,0,0.13736453709530982,0.18712311957888134,-0.42181831045504603,-0.39106936542897663,0,0,0.1292,0.0543,0.499,0.2074,0.1051,1,SMCI
BKNG,Booking Holdings Inc. Common St,Consumer Cyclical,212.06,164320722944,0.18796355292465083,0.089489181858996,0.13872636739182342,0.8637758050697634,8,0,True,False,0.41733067729083667,0.30703484549638393,0.10583446404341927,0.014505119453924915,0.19754601226993865,0.01088646967340591,0.104199066874028,0.058664139387229655,0.23676158605256603,0.10140910287287803,0.6618293110745559,0,0.0976205321842964,0.4878936606741651,0.4144858071415385,0,0.2669443427716846,0.018932428883751937,0.7141232283445634,0,0.09908962532629519,0.46806085518712487,0.43284951948657985,0,0.1671910591184312,0.1830169840489899,-0.37096649998961595,-0.39046938986658175,0,0,0.1292,0.0543,0.499,0.137,0.0573,5,CVNA
CMG,"Chipotle Mexican Grill, Inc.",Consumer Cyclical,33.5,42391502848,0.18773399159647686,0.14173427547677475,0.1647341335366258,0.8746171872618911,8,0,True,True,0.42,0.2803819444444444,0.10583446404341927,0.03333333333333333,0.28125,0.15384615384615385,0.10638297872340426,0.05865921787709497,0.2753184810802105,0.056550867704929154,0.6681306512148603,0,0.21927510184309573,0.4165931184576897,0.3641317796992146,0,0.28962815397095765,0.020742195334412974,0.6896296506946294,0,0.19585726862971714,0.27748373359582124,0.5266589977744617,0,0.24729679146165312,0.2427427113003374,-0.2688344239953843,-0.36540161293420814,0,0,0.1292,0.0543,0.499,0.137,0.0573,5,CVNA
KKR,KKR & Co. Inc.,Financial Services,114.01,105298558976,0.18650804799430085,0.08786636763828694,0.1371872078162939,0.8664666827782549,8,0,True,True,0.41733067729083667,0.30703484549638393,0.09420289855072464,0.020618556701030927,0.17482517482517482,0.12437810945273632,0.05613577023498695,0.0210896309314587,0.2397623914493703,0.10269439998656796,0.6575432085640617,0,0.10169895008834495,0.6260346584877557,0.27226639142389936,0,0.25823522812785105,0.05093996222004208,0.6908248096521069,0,0.13048214131925245,0.407659139598178,0.46185871908256954,0,0.17073067076885762,0.19435868472355175,-0.29417412922512287,-0.38198307964378647,0,0,0.1292,0.0543,0.499,0.094,0.0276,10,HOOD
GEV,GE Vernova Inc.,Industrials,1063.25,283179188224,0.18406559778019152,0.08258545391906574,0.13332552584962865,0.8322537547452346,8,0,True,False,0.45092838196286467,0.27642276422764234,0.10543130990415335,0.003211561621838619,0.341995841995842,0.0006709158000670916,0.026378896882494004,0.006440532417346501,0.23205549197842795,0.09252362341689292,0.6754208846046792,0,0.012686023705334996,0.5210478381452843,0.4662661381493808,0,0.2664908309779173,0.020599164763464562,0.7129100042586182,0,0.102215005465466,0.30605593945710974,0.5917290550774242,0,0.12237075784188148,0.18435291822169164,-0.4484727535351485,-0.46796661144632956,0,0,0.1292,0.0543,0.499,0.1201,0.0428,8,BLDR
JBL,Jabil Inc.,Technology,363.1,38048190464,0.18309768126025952,0.0780996650043841,0.13059867313232182,0.8493661993823307,8,0,True,True,0.45092838196286467,0.3129445234708393,0.07123034227567067,0.003211561621838619,0.19754601226993865,0.08841843088418432,0.0443298969072165,0.010356731875719217,0.23676158605256603,0.10140910287287803,0.6618293110745559,0,0.06442433109581389,0.4790166698163566,0.4565589990878296,0,0.25823522812785105,0.05093996222004208,0.6908248096521069,0,0.06667317984567145,0.377244829554141,0.5560819906001876,0,0.15059295857418997,0.16245420398676125,-0.4086011965070028,-0.460999196139386,0,0,0.1292,0.0543,0.499,0.2074,0.1051,1,SMCI
MPC,Marathon Petroleum Corporation,Energy,355.42,103760125952,0.18248955606675163,0.053358373427540524,0.11792396474714607,0.8450119638583687,8,0,True,False,0.4175824175824176,0.35196374622356497,0.05997552019583843,0.003211561621838619,0.17482517482517482,0.008771929824561403,0.0443298969072165,0.006440532417346501,0.23887489334678003,0.13584636076853493,0.625278745884685,0,0.012662148592711447,0.5086982599661184,0.4786395914411702,0,0.26955916159925647,0.057155062969404834,0.6732857754313386,0,0.04946373483414482,0.4329923444088147,0.5175439207570405,0,0.12576852096974572,0.15951144821670066,-0.4261906476931819,-0.43590339987748894,0,0,0.1292,0.0543,0.499,0.144,0.1019,4,TPL
TYL,"Tyler Technologies, Inc.",Technology,328.64,13458554880,0.1804824177632433,0.14307964387538258,0.16178103081931294,0.8695114188604475,8,0,True,True,0.4110012360939431,0.2803819444444444,0.10583446404341927,0.014505119453924915,0.2645161290322581,0.2222222222222222,0.104199066874028,0.0210896309314587,0.24800123240793184,0.059268798518425356,0.6927299690736428,0,0.09672247534639868,0.40702627636999145,0.49625124828360995,0,0.3143969634917002,0.017706882967462065,0.6678961535408378,0,0.23274158594853642,0.3458814607270625,0.42137695332440106,0,0.17236185387716527,0.2735692747201183,-0.42212875480146117,-0.2710672787125011,0,0,0.1292,0.0543,0.499,0.2074,0.1051,1,SMCI
EXPE,"Expedia Group, Inc.",Consumer Cyclical,332.69,39929237504,0.17962055065325505,0.06297229894684056,0.1212964248000478,0.8608867664067141,8,0,True,False,0.4110012360939431,0.3129445234708393,0.08023255813953488,0.009831460674157303,0.10530749789385004,0.0,0.104199066874028,0.0440251572327044,0.21587882844677117,0.10112767189700533,0.6829934996562234,0,0.012171128384993513,0.4889716611629663,0.4988572104520403,0,0.2500205380981721,0.01884370507291025,0.7311357568289176,0,0.03418829746289903,0.2754974761638612,0.6903142263732397,0,0.11402497841588234,0.14210441778053556,-0.47690037663824947,-0.5686205738205431,0,0,0.1292,0.0543,0.499,0.137,0.0573,5,CVNA
SW,Smurfit WestRock plc,Consumer Cyclical,49.25,25832753152,0.17903152479414008,0.10362611033749472,0.1413288175658174,0.8722703996913521,8,0,True,False,0.42,0.2803819444444444,0.09420289855072464,0.014505119453924915,0.19754601226993865,0.08841843088418432,0.104199066874028,0.0440251572327044,0.21587882844677117,0.10112767189700533,0.6829934996562234,0,0.06514572131984836,0.4259483618146548,0.5089059168654969,0,0.28962815397095765,0.020742195334412974,0.6896296506946294,0,0.13364271526148505,0.41660391853178436,0.4497533662067305,0,0.14051227488330975,0.21163543461622136,-0.4554374333775504,-0.35805607383445864,0,0,0.1292,0.0543,0.499,0.137,0.0573,5,CVNA
ECHO,EchoStar Corporation,Communication Services,91.89,26693191680,0.17901243977993736,0.12981038985871898,0.15441141481932819,0.8724188178893826,8,0,True,True,0.4110012360939431,0.2803819444444444,0.10543130990415335,0.009831460674157303,0.2645161290322581,0.13846153846153847,0.104199066874028,0.0440251572327044,0.23760794392386822,0.10129664994746218,0.6610954061286696,0,0.012862606094167691,0.5530414849698939,0.43409590893593847,0,0.336427782129082,0.017413895080135043,0.646158322790783,0,0.21785406555465534,0.3990941373331415,0.3830517971122031,0,0.12523527500901796,0.27714092384186867,-0.4223603825232861,-0.2374641361096244,0,0,0.1292,0.0543,0.499,0.1555,0.0796,3,TTD
ERIE,Erie Indemnity Company,Financial Services,255.99,13385683968,0.1787310244690083,0.10096524336514891,0.1398481339170786,0.8621398053165366,8,0,True,False,0.45092838196286467,0.2753246753246753,0.08023255813953488,0.009831460674157303,0.19754601226993865,0.08841843088418432,0.104199066874028,0.0345679012345679,0.21850759490254737,0.10235910822425563,0.679133296873197,0,0.07263318912758178,0.47490437277331027,0.4524624380991079,0,0.2622767392016548,0.03608669576139567,0.7016365650369495,0,0.07826381994797492,0.37920504668434346,0.5425311333676816,0,0.14557039201506458,0.17027027957481486,-0.4202274754710879,-0.45181356962750063,0,0,0.1292,0.0543,0.499,0.094,0.0276,10,HOOD
DVA,DaVita Inc.,Healthcare,180.06,11557150720,0.17799850785165242,0.08527679928349198,0.1316376535675722,0.8556818713775236,8,0,True,False,0.4719346049046321,0.2651036970243464,0.07123034227567067,0.009831460674157303,0.15752032520325204,0.04704301075268817,0.104199066874028,0.0440251572327044,0.24415256274740982,0.10408674168875631,0.6517606955638338,0,0.029373555731272993,0.7386202087149933,0.23200623555373362,0,0.2560606677859807,0.057337215712473986,0.6866021165015452,0,0.10213780935439125,0.41420207372428564,0.4836601169213231,0,0.1367630592393414,0.17909923857018598,-0.30512040631944226,-0.4060318781412482,0,0,0.1292,0.0543,0.499,0.1232,0.0467,7,MRNA
ALGN,"Align Technology, Inc.",Healthcare,181.31,12880236544,0.17674891870405088,0.07865211195170523,0.12770051532787804,0.8721763808549665,8,0,True,True,0.41784288295214994,0.2590909090909091,0.10543130990415335,0.014505119453924915,0.15752032520325204,0.08841843088418432,0.06722689075630252,0.0210896309314587,0.21497325332798772,0.10070345844286847,0.6843232882291437,0,0.06536455923702061,0.5460286150616908,0.38860682570128874,0,0.26836552982356315,0.05024427376835844,0.6813901964080784,0,0.10223209126707701,0.4136613322565986,0.4841065764763243,0,0.14016890628250417,0.18529881054532008,-0.39629615068271207,-0.3974495758968813,0,0,0.1292,0.0543,0.499,0.1232,0.0467,7,MRNA
ROL,"Rollins, Inc.",Consumer Cyclical,36.2,17417463808,0.1762446175794645,0.08591814858063614,0.13108138308005032,0.8666480035005677,8,0,True,False,0.4110012360939431,0.2803819444444444,0.10543130990415335,0.00030553009471432935,0.19754601226993865,0.04061895551257253,0.104199066874028,0.0210896309314587,0.2445965478925781,0.10427602074689417,0.6511274313605278,0,0.013555142500637172,0.7098386621906777,0.2766061953086851,0,0.28815671875624577,0.049637241285491865,0.6622060399582623,0,0.10184134390952712,0.5475508634721925,0.3506077926182804,0,0.12907584519660764,0.19499903133288643,-0.3347909681379988,-0.3114078849553849,0,0,0.1292,0.0543,0.499,0.137,0.0573,5,CVNA
FCX,"Freeport-McMoRan, Inc.",Basic Materials,66.49,93085999104,0.17603492764525122,0.08973242813195524,0.13288367788860322,0.8559575491047924,8,0,True,True,0.45092838196286467,0.2803819444444444,0.07123034227567067,0.0050933786078098476,0.19754601226993865,0.12437810945273632,0.05613577023498695,0.010356731875719217,0.2388515931335176,0.13443289321219806,0.6267155136542844,0,0.2737830376717536,0.4369693961987839,0.28924756612946256,0,0.2854687109458974,0.04982467761561558,0.664706611438487,0,0.2154046117186268,0.3946069010580768,0.3899884872232964,0,0.2563173154026356,0.25043666133226206,-0.20166422448923788,-0.2769108879986296,0,0,0.1292,0.0543,0.499,0.1299,0.0466,6,MOS
IP,International Paper Company,Consumer Cyclical,40.74,21574678528,0.17559573231251047,0.10362611033749472,0.13961092132500258,0.8655875050968392,8,0,True,False,0.42,0.30703484549638393,0.07123034227567067,0.003211561621838619,0.19754601226993865,0.08841843088418432,0.104199066874028,0.0440251572327044,0.22458491674087785,0.10267635005200489,0.6727387332071172,0,0.016507806616032693,0.5634707815936845,0.4200214117902828,0,0.2821112365799472,0.026242291140411017,0.6916464722796418,0,0.13157176666970694,0.41106340418457704,0.45736482914571597,0,0.12054636167845527,0.20684150162482706,-0.4258337108202447,-0.36766414908785183,0,0,0.1292,0.0543,0.499,0.137,0.0573,5,CVNA
NXPI,NXP Semiconductors N.V.,Technology,234.71,59185455104,0.1747096464138539,0.06401363783517593,0.11936164212451492,0.8487481831483215,8,0,True,False,0.45092838196286467,0.2803819444444444,0.07123034227567067,0.0005321979776476849,0.19754601226993865,0.019830028328611898,0.05613577023498695,0.006440532417346501,0.24415256274740982,0.10408674168875631,0.6517606955638338,0,0.030480080261400377,0.6574792864627429,0.3120406332758567,0,0.31785080994033454,0.017901404104607742,0.6642477859550577,0,0.0990204906444157,0.4320810437882314,0.4688984655673529,0,0.1373163215044051,0.20843565029237512,-0.34458434291544016,-0.3581374754688302,0,0,0.1292,0.0543,0.499,0.2074,0.1051,1,SMCI
ARES,Ares Management Corporation,Financial Services,144.02,47504510976,0.17422006656466602,0.11254776543538525,0.14338391600002565,0.8779146455311442,8,0,True,True,0.4110012360939431,0.27642276422764234,0.08023255813953488,0.020618556701030927,0.17482517482517482,0.14705882352941177,0.104199066874028,0.0440251572327044,0.23142381656276037,0.09912284341530188,0.6694533400219378,0,0.07239624893760695,0.44432305065908717,0.4832807004033059,0,0.2647830064267591,0.02687572139283849,0.7083412721804024,0,0.10279741850674677,0.33742985565199224,0.5597727258412609,0,0.15191003275018367,0.18379021246675295,-0.4244569874624382,-0.4502667865440787,0,0,0.1292,0.0543,0.499,0.094,0.0276,10,HOOD
CRL,Charles River Laboratories Inte,Healthcare,280.05,13369270272,0.17422006656466602,0.05742237704237008,0.11582122180351805,0.8643992195789529,8,0,True,False,0.4110012360939431,0.27642276422764234,0.08023255813953488,0.020618556701030927,0.15752032520325204,0.01088646967340591,0.05613577023498695,0.0210896309314587,0.1937957007286971,0.1409567753819797,0.6652475238893232,0,0.09714437352869289,0.5521172423856672,0.35073838408563995,0,0.2506838652590274,0.036653776314766164,0.7126623584262064,0,0.03646654924264835,0.25715418747103985,0.7063792632863118,0,0.145470037128695,0.1435752072508379,-0.36252291685878657,-0.5659456036054212,0,0,0.1292,0.0543,0.499,0.1232,0.0467,7,MRNA
CSCO,"Cisco Systems, Inc.",Technology,111.68,440179425280,0.17236102598062703,0.098466842207541,0.135413934094084,0.8573868466681129,8,0,True,True,0.45092838196286467,0.2803819444444444,0.05997552019583843,0.003211561621838619,0.19754601226993865,0.13846153846153847,0.05093833780160858,0.0345679012345679,0.2680403167674297,0.19256496965331604,0.5393947135792543,0,0.02807235035725394,0.5981570037661033,0.37377064587664277,0,0.28295135332209026,0.1254139586963997,0.5916346879815101,0,0.08043588627925212,0.47703389709356603,0.4425302166271818,0,0.1480563335623418,0.1816936198006712,-0.3085263461656067,-0.33538883250367474,0,0,0.1292,0.0543,0.499,0.2074,0.1051,1,SMCI
UAL,"United Airlines Holdings, Inc.",Industrials,125.34,40681570304,0.17236102598062703,0.06839077859098765,0.12037590228580733,0.8536470743284039,8,0,True,True,0.45092838196286467,0.2803819444444444,0.05997552019583843,0.003211561621838619,0.15752032520325204,0.08841843088418432,0.0443298969072165,0.006440532417346501,0.21868002003447293,0.14165790268594505,0.6396620772795821,0,0.06953832097877269,0.5170409125448721,0.41342076647635534,0,0.2585863344252216,0.06090415104498865,0.6805095145297897,0,0.1023701195640673,0.48355663421860123,0.4140732462173315,0,0.1441091705066228,0.18047822699464444,-0.3824322513713459,-0.3668131533789161,0,0,0.1292,0.0543,0.499,0.1201,0.0428,8,BLDR
FIS,Fidelity National Information S,Technology,42.92,22184452096,0.17208182868839147,0.1561349750418707,0.1641084018651311,0.8284141564473233,8,0,True,False,0.41733067729083667,0.2753246753246753,0.08023255813953488,0.009831460674157303,0.4743202416918429,0.04704301075268817,0.13846153846153847,0.0210896309314587,0.24006222878760078,0.13448370438477775,0.6254540668276214,0,0.2930456739393857,0.48322428767744596,0.22373003838316824,0,0.3622160712950279,0.024939467203919957,0.6128444615010521,0,0.13169229747537087,0.4105238887233551,0.4577838138012741,0,0.26655395136349325,0.2469541843851994,-0.1580381012419016,-0.2883599532659637,0,0,0.1292,0.0543,0.499,0.2074,0.1051,1,SMCI
SYK,Stryker Corporation,Healthcare,339.21,130111815680,0.17207208023986745,0.03740951078557553,0.10474079551272149,0.848921388293947,8,0,True,False,0.45092838196286467,0.2651036970243464,0.05997552019583843,0.014505119453924915,0.14052287581699346,0.008771929824561403,0.01549053356282272,0.0034569453174104338,0.17835216695152942,0.18902691342318295,0.6326209196252877,0,0.0307236421609393,0.7725691500548298,0.19670720778423084,0,0.25818265820197533,0.08484381223802302,0.6569735295600015,0,0.03665123925290382,0.5953450889799323,0.3680036717671638,0,0.10453790455623435,0.14741694872743957,-0.31012615914852487,-0.3650716519361431,0,0,0.1292,0.0543,0.499,0.1232,0.0467,7,MRNA
VST,Vistra Corp.,Utilities,148.13,49717645312,0.1720110226535753,0.12096436919349327,0.14648769592353428,0.8798394957100453,8,0,True,True,0.4110012360939431,0.2803819444444444,0.08023255813953488,0.009831460674157303,0.17482517482517482,0.12437810945273632,0.104199066874028,0.09292035398230089,0.2750878541770539,0.057341169724660454,0.6675709760982858,0,0.004592948188091248,0.3021334182930633,0.6932736335188453,0,0.3246203429200166,0.01927144078378096,0.6561082162962025,0,0.22961537416543912,0.2927556628711224,0.4776289629634385,0,0.13984040118257257,0.27711785854272786,-0.540581903625993,-0.28975073108709265,0,0,0.1292,0.0543,0.499,0.058,0.0155,12,NRG
EFX,"Equifax, Inc.",Industrials,180.85,21247143936,0.17139002411082982,0.10943232587334488,0.14041117499208736,0.8709980639976229,8,0,True,True,0.4175824175824176,0.2803819444444444,0.08023255813953488,0.003211561621838619,0.19754601226993865,0.12437810945273632,0.104199066874028,0.0345679012345679,0.23426628941363314,0.10034032394731487,0.6653933866390519,0,0.06417247313243034,0.5360704185661952,0.3997571083013745,0,0.2669443427716846,0.018932428883751937,0.7141232283445634,0,0.10223209126707701,0.4136613322565986,0.4841065764763243,0,0.14921938127303175,0.1845882170193808,-0.3833558661971814,-0.4145266853910631,0,0,0.1292,0.0543,0.499,0.1201,0.0428,8,BLDR
BBY,"Best Buy Co., Inc.",Consumer Cyclical,86.42,18214494208,0.1698371947193352,0.08656674751258008,0.12820197111595763,0.8646352736756138,8,0,True,True,0.41733067729083667,0.27642276422764234,0.07123034227567067,0.009831460674157303,0.19754601226993865,0.12437810945273632,0.0443298969072165,0.010356731875719217,0.21371130414912262,0.13292273036247945,0.653365965488398,0,0.2871783052625513,0.45834881415268103,0.2544728805847676,0,0.25823522812785105,0.05093996222004208,0.6908248096521069,0,0.13364271526148505,0.41660391853178436,0.4497533662067305,0,0.25044480470583697,0.19593897169466806,-0.20347461833074582,-0.3743501162347507,0,0,0.1292,0.0543,0.499,0.137,0.0573,5,CVNA
ARE,Alexandria Real Estate Equities,Real Estate,48.14,8284666880,0.16889387581325688,0.10362611033749472,0.13625999307537578,0.874647058560674,8,0,True,False,0.3833734111989007,0.30703484549638393,0.07123034227567067,0.0050933786078098476,0.19754601226993865,0.08841843088418432,0.104199066874028,0.0440251572327044,0.248522390876345,0.07309112878769118,0.6783864803359638,0,0.013758631483775761,0.47661098929647294,0.5096303792197513,0,0.3381195678403347,0.03395283993730028,0.6279275922223649,0,0.14378261195948333,0.3316751260864181,0.5245422619540986,0,0.13114051118006037,0.24095108989990902,-0.4628679185977972,-0.3352838371883228,0,0,0.1292,0.0543,0.499,0.084,0.0224,11,CSGP
SWKS,"Skyworks Solutions, Inc.",Technology,69.62,10471264256,0.1681330958851568,0.13057819800051024,0.14935564694283351,0.8648012058308614,8,0,True,True,0.4110012360939431,0.2803819444444444,0.07123034227567067,0.0050933786078098476,0.28125,0.15384615384615385,0.104199066874028,0.0210896309314587,0.21371218508836107,0.132919156183787,0.6533686587278519,0,0.14725949890686282,0.5937302730642874,0.2590102280288498,0,0.3381195678403347,0.03395283993730028,0.6279275922223649,0,0.23274158594853642,0.3458814607270625,0.42137695332440106,0,0.18048584199761195,0.2854305768944356,-0.2757036013807389,-0.23922169587894743,0,0,0.1292,0.0543,0.499,0.2074,0.1051,1,SMCI
VEEV,Veeva Systems Inc.,Healthcare,243.75,39595552768,0.1680930695018406,0.08973242813195524,0.12891274881689793,0.8634392396710255,8,0,True,True,0.42,0.2803819444444444,0.06467661691542288,0.0050933786078098476,0.19754601226993865,0.12437810945273632,0.05613577023498695,0.010356731875719217,0.20596809441429745,0.1323995576277781,0.6616323479579245,0,0.016016803147365387,0.5347596531096053,0.4492235437430293,0,0.2467612398612762,0.05172792701828578,0.7015108331204379,0,0.0783747242985254,0.3797424021246471,0.5418828735768273,0,0.11099244878083142,0.1625679820799008,-0.44443549706964547,-0.4591288712687318,0,0,0.1292,0.0543,0.499,0.1232,0.0467,7,MRNA
HII,"Huntington Ingalls Industries, ",Industrials,327.71,12913281024,0.16752112691626286,0.07751687197465258,0.12251899944545772,0.8670856094613315,8,0,True,False,0.4110012360939431,0.2651036970243464,0.07692307692307693,0.009831460674157303,0.19754601226993865,0.04704301075268817,0.06722689075630252,0.0210896309314587,0.1937957007286971,0.1409567753819797,0.6652475238893232,0,0.2789395252165342,0.49631251395387876,0.22474796082958703,0,0.26117059894365996,0.05151899893607484,0.6873104021202653,0,0.0990204906444157,0.4320810437882314,0.4688984655673529,0,0.23636761297261566,0.18009554479403783,-0.20863012938683945,-0.3980088890497713,0,0,0.1292,0.0543,0.499,0.1201,0.0428,8,BLDR
PWR,"Quanta Services, Inc.",Industrials,685.78,103102496768,0.16737858304675185,0.05313246563835107,0.11025552434255145,0.8583238277583181,8,0,True,False,0.42,0.2651036970243464,0.07692307692307693,0.003211561621838619,0.17482517482517482,0.0078125,0.0443298969072165,0.006440532417346501,0.230472199236098,0.0987152491725699,0.6708125515913321,0,0.0403758415579077,0.3181652853986257,0.6414588730434666,0,0.2662663044029028,0.021424339552011867,0.7123093560450853,0,0.14378261195948333,0.3316751260864181,0.5245422619540986,0,0.13542402039700285,0.20502445818119305,-0.5207116919203965,-0.4134013508183989,0,0,0.1292,0.0543,0.499,0.1201,0.0428,8,BLDR
BRO,"Brown & Brown, Inc.",Financial Services,70.54,23603415040,0.16526859373712086,0.14153379928148507,0.15340119650930295,0.8686792935984231,8,0,True,False,0.41733067729083667,0.2651036970243464,0.07123034227567067,0.003211561621838619,0.21777777777777776,0.2422360248447205,0.104199066874028,0.0345679012345679,0.2127126407487363,0.1424141998181987,0.6448731594330651,0,0.09714437352869289,0.5521172423856672,0.35073838408563995,0,0.25823522812785105,0.05093996222004208,0.6908248096521069,0,0.13933390805922286,0.35235342252784224,0.508312669412935,0,0.1549285071387146,0.19878456809353695,-0.34287726462063794,-0.400784171438984,0,0,0.1292,0.0543,0.499,0.094,0.0276,10,HOOD
CNC,Centene Corporation,Healthcare,67.47,33329844224,0.16445919422053257,0.12969155398205068,0.14707537410129162,0.8784403356431183,8,0,True,False,0.4110012360939431,0.2803819444444444,0.05997552019583843,0.003211561621838619,0.17482517482517482,0.13970588235294118,0.104199066874028,0.1111111111111111,0.19351392157189012,0.14220582515234842,0.6642802532757616,0,0.012876447347874704,0.6453918715413833,0.3417316811107422,0,0.2467612398612762,0.05172792701828578,0.7015108331204379,0,0.0990204906444157,0.4320810437882314,0.4688984655673529,0,0.10319518445988242,0.17289086525284597,-0.39981078273336945,-0.41231378409104946,0,0,0.1292,0.0543,0.499,0.1232,0.0467,7,MRNA
IDXX,"IDEXX Laboratories, Inc.",Healthcare,550.96,43461378048,0.1639276301737624,0.05294285464041762,0.10843524240709002,0.8494376959282627,8,0,True,True,0.45092838196286467,0.2590909090909091,0.05080440304826418,8.05607024893257e-05,0.17482517482517482,0.04704301075268817,0.01230466498821044,0.0034569453174104338,0.19620593580693246,0.1730986484254258,0.6306954157676417,0,0.007329968026220148,0.6613893833097486,0.33128064866403134,0,0.2645408276801192,0.0623065969917118,0.673152575328169,0,0.036150124916768264,0.5340342133460012,0.4298156617372306,0,0.10176795191657631,0.15034547629844375,-0.3792200802992602,-0.40113864223425605,0,0,0.1292,0.0543,0.499,0.1232,0.0467,7,MRNA
AZO,"AutoZone, Inc.",Consumer Cyclical,3025.0,49384198144,0.16290815656355556,0.07319931603564131,0.11805373629959844,0.8668158173195415,8,0,True,True,0.42,0.2387005649717514,0.07123034227567067,0.014505119453924915,0.17142857142857143,0.12437810945273632,0.0226628895184136,0.0034569453174104338,0.21752102387962702,0.19190344615633104,0.5905755299640421,0,0.06565792543775935,0.6242148788549057,0.31012719570733505,0,0.3166788272556985,0.09395718818807938,0.589363984556222,0,0.07791954552797742,0.5489621215323063,0.3731183329397163,0,0.14158947465869318,0.19729918639183797,-0.30876188817699535,-0.28394197235613117,0,0,0.1292,0.0543,0.499,0.137,0.0573,5,CVNA
VLO,Valero Energy Corporation,Energy,341.67,98376179712,0.16249253620818851,0.06602941258084513,0.11426097439451682,0.8602800683250666,8,0,True,False,0.38640132669983424,0.30703484549638393,0.05080440304826418,0.0005321979776476849,0.19754601226993865,0.01088646967340591,0.05613577023498695,0.0210896309314587,0.19454033752877137,0.16651789416305762,0.6389417683081711,0,0.012317840592225215,0.5220576924911674,0.4656244669166074,0,0.25823522812785105,0.05093996222004208,0.6908248096521069,0,0.08079771589315905,0.3923559105734716,0.5268463735333692,0,0.10342908906049829,0.16951647201050504,-0.44885402855189094,-0.439319119582233,0,0,0.1292,0.0543,0.499,0.144,0.1019,4,TPL
F,Ford Motor Company,Consumer Cyclical,14.37,57301749760,0.16219501974423178,0.15583659729019236,0.1590158085172121,0.8821129131652599,8,0,True,False,0.4110012360939431,0.2651036970243464,0.06467661691542288,0.003211561621838619,0.21777777777777776,0.13970588235294118,0.13846153846153847,0.13855421686746988,0.21638489048573786,0.13458562974507243,0.6490294797691896,0,0.11275200881606282,0.5905244098093795,0.29672358137455773,0,0.26955916159925647,0.057155062969404834,0.6732857754313386,0,0.23274158594853642,0.3458814607270625,0.42137695332440106,0,0.16456844965090034,0.25115037377389643,-0.30830808092097334,-0.2961809906039734,0,0,0.1292,0.0543,0.499,0.137,0.0573,5,CVNA
WTW,Willis Towers Watson Public Lim,Financial Services,331.59,30795405312,0.1619958124116627,0.020421983333357308,0.09120889787251,0.8494516016945328,8,0,True,False,0.45092838196286467,0.2387005649717514,0.05080440304826418,0.009831460674157303,0.08433734939759036,0.0,0.004898958971218616,0.0034569453174104338,0.18962326498692766,0.20864202406981366,0.6017347109432586,0,0.007674449387722679,0.7797203355583812,0.21260521505389618,0,0.2104690765673082,0.08876334152080861,0.7007675819118832,0,0.032615911214821484,0.5414675472459949,0.42591654153918357,0,0.09864885718732518,0.12154249389106485,-0.3085211058112522,-0.4417995678344685,0,0,0.1292,0.0543,0.499,0.094,0.0276,10,HOOD
IQV,"IQVIA Holdings, Inc.",Healthcare,236.66,38954237952,0.16192151822245412,0.06892661150556986,0.115424064864012,0.8639452229175766,8,0,True,False,0.4175824175824176,0.2651036970243464,0.05997552019583843,0.00228310502283105,0.17142857142857143,0.04704301075268817,0.05613577023498695,0.0210896309314587,0.1937957007286971,0.1409567753819797,0.6652475238893232,0,0.06940467686961006,0.6454111488577916,0.2851841742725983,0,0.24497218822251055,0.04960361582906279,0.7054241959484266,0,0.0769979477104496,0.37307162333181226,0.5499304289577381,0,0.13160018879915358,0.16098506796648007,-0.3436156602818071,-0.4666922444866023,0,0,0.1292,0.0543,0.499,0.1232,0.0467,7,MRNA
CCL,Carnival Corporation Ltd.,Consumer Cyclical,28.12,38514536448,0.16187169724507094,0.09850385105692883,0.13018777415099989,0.8656152590530963,8,0,True,False,0.41733067729083667,0.2651036970243464,0.05997552019583843,0.00228310502283105,0.21777777777777776,0.08841843088418432,0.104199066874028,0.010356731875719217,0.22056217199686862,0.14435309084055784,0.6350847371625735,0,0.06551216337769857,0.5705916662742722,0.3638961703480294,0,0.2784877272916764,0.06225354618017369,0.6592587265281498,0,0.16585465548267755,0.5183616137228446,0.3157837307944778,0,0.14303716768728358,0.222171191387177,-0.35645328606801785,-0.2653500372741368,0,0,0.1292,0.0543,0.499,0.137,0.0573,5,CVNA
ULTA,"Ulta Beauty, Inc.",Consumer Cyclical,510.75,21956790272,0.16156492254977098,0.033272215412496725,0.09741856898113385,0.8475442470099617,8,0,True,False,0.45092838196286467,0.2590909090909091,0.041828503137137735,0.0005321979776476849,0.12307692307692307,0.01088646967340591,0.012195121951219513,0.0034569453174104338,0.21017828800862637,0.18542546856718312,0.6043962434241905,0,0.04386986281485438,0.7122006773407696,0.2439294598443759,0,0.2749851585509596,0.0916637302335586,0.6333511112154818,0,0.03523640224569385,0.4756339885805557,0.4891296091737506,0,0.12702407541174038,0.15511078039832674,-0.2971387762225428,-0.4061295797962895,0,0,0.1292,0.0543,0.499,0.137,0.0573,5,CVNA
TSCO,Tractor Supply Company,Consumer Cyclical,35.83,18668869632,0.16151417387205375,0.09490107005534731,0.12820762196370053,0.8598302316170973,8,0,True,False,0.38640132669983424,0.2803819444444444,0.05997552019583843,0.009831460674157303,0.28125,0.019830028328611898,0.104199066874028,0.006440532417346501,0.23851761673567407,0.1356431802386498,0.6258392030256762,0,0.06612550266584054,0.5407436939014568,0.3931308034327027,0,0.28815671875624577,0.049637241285491865,0.6622060399582623,0,0.09851952905319408,0.44883308113767373,0.45264738980913205,0,0.1523215597007573,0.19333812390471994,-0.3571634435284321,-0.3640885909789773,0,0,0.1292,0.0543,0.499,0.137,0.0573,5,CVNA
HUM,Humana Inc.,Healthcare,389.05,46717239296,0.16113745905501914,0.044823713834076254,0.10298058644454769,0.8554967321121753,8,0,True,False,0.41733067729083667,0.2753246753246753,0.05080440304826418,0.00030553009471432935,0.15752032520325204,0.008771929824561403,0.026378896882494004,0.006440532417346501,0.1757543423739218,0.17109811516850798,0.6531475424575701,0,0.0014923306770771175,0.4707127173014668,0.5277949520214562,0,0.24438252391171275,0.05189128298394744,0.7037261931043397,0,0.03979880279982731,0.38010931636523815,0.5800918808349346,0,0.08862333652549946,0.14209066335577003,-0.5018479107140137,-0.4998183736138671,0,0,0.1292,0.0543,0.499,0.1232,0.0467,7,MRNA
QCOM,QUALCOMM Incorporated,Technology,165.79,174079492096,0.16101412054544034,0.062402419483609535,0.11170827001452494,0.8675269435624976,8,0,True,False,0.38640132669983424,0.27642276422764234,0.07123034227567067,0.0005321979776476849,0.17482517482517482,0.01642710472279261,0.06722689075630252,0.010356731875719217,0.2388515931335176,0.13443289321219806,0.6267155136542844,0,0.029376245951340765,0.5920881522087389,0.3785356018399203,0,0.31422785145737314,0.029095657281976026,0.6566764912606509,0,0.1381130520601479,0.43150003058549463,0.4303869173543574,0,0.13411391954242918,0.22617045175876052,-0.36851163820467314,-0.3173612525487436,0,0,0.1292,0.0543,0.499,0.2074,0.1051,1,SMCI
HAL,Halliburton Company,Energy,34.42,28754388992,0.16088883047769048,0.24145410591151253,0.20117146819460152,0.8012780647888708,8,0,True,True,0.4110012360939431,0.2651036970243464,0.05997552019583843,0.003211561621838619,0.6055045871559633,0.3125,0.104199066874028,0.0345679012345679,0.2500387493451586,0.17428266452609564,0.5756785861287459,0,0.013980561294772657,0.7007321488191083,0.28528728988611896,0,0.34041640429749054,0.06366928391077237,0.595914311791737,0,0.24229784270016308,0.4786760343595104,0.2790261229403265,0,0.1320096553199656,0.2913571234988268,-0.2984732826874668,-0.14611309386720497,0,0,0.1292,0.0543,0.499,0.144,0.1019,4,TPL
PTC,PTC Inc.,Technology,149.75,16248812544,0.1596443596400241,0.06902755603974065,0.11433595783988237,0.8713734591570331,8,0,True,False,0.3833734111989007,0.2590909090909091,0.08023255813953488,0.003211561621838619,0.19754601226993865,0.04704301075268817,0.05093833780160858,0.006440532417346501,0.22513507475248784,0.17162647813001525,0.603238447117497,0,0.0723656502724987,0.630283520511284,0.2973508292162173,0,0.3332129843922483,0.047971522842611615,0.6188154927651401,0,0.10213780935439125,0.41420207372428564,0.4836601169213231,0,0.14875036251249327,0.21767539687331977,-0.30154427565436387,-0.3335624079699119,0,0,0.1292,0.0543,0.499,0.2074,0.1051,1,SMCI
EME,"EMCOR Group, Inc.",Industrials,836.29,36888666112,0.15922799021118983,0.05801830445044133,0.10862314733081557,0.8500960946567856,8,0,True,False,0.45092838196286467,0.2387005649717514,0.05080440304826418,0.00030553009471432935,0.19754601226993865,0.0078125,0.0443298969072165,0.006440532417346501,0.1914327780655707,0.16385796119300133,0.644709260741428,0,0.007358615977558924,0.648999488344133,0.34364189567830816,0,0.27650820729564857,0.05661131852978102,0.6668804741745704,0,0.04218560920722983,0.675515805287288,0.28229858550548215,0,0.09939569702156482,0.1593469082514392,-0.39477988118830326,-0.31524262158858707,0,0,0.1292,0.0543,0.499,0.1201,0.0428,8,BLDR
UHS,"Universal Health Services, Inc.",Healthcare,170.02,10020386816,0.15863933925955082,0.071381577208379,0.11501045823396491,0.8661148906065723,8,0,True,True,0.4110012360939431,0.2590909090909091,0.05997552019583843,0.00030553009471432935,0.17142857142857143,0.08841843088418432,0.0443298969072165,0.006440532417346501,0.19515764203098324,0.1721738128182699,0.6326685451507468,0,0.0288933890655954,0.6232531103402447,0.34785350059416,0,0.25939977753661175,0.05795000789212047,0.6826502145712677,0,0.07028928451475952,0.46427757170735634,0.4654331437778842,0,0.11202551554828932,0.16484453102568564,-0.37823550732416406,-0.4091971481488903,0,0,0.1292,0.0543,0.499,0.1232,0.0467,7,MRNA
CDNS,"Cadence Design Systems, Inc.",Technology,324.82,89590554624,0.15834065597822747,0.044597806044886786,0.10146923101155712,0.8587143753983331,8,0,True,False,0.4110012360939431,0.2651036970243464,0.05080440304826418,0.003211561621838619,0.15752032520325204,0.0078125,0.026378896882494004,0.006440532417346501,0.247389275006865,0.14652722126420537,0.6060835037289296,0,0.013402611268004783,0.5762595840894578,0.4103378046425375,0,0.34039385467457056,0.04900532794299373,0.6106008173824357,0,0.09851952905319408,0.44883308113767373,0.45264738980913205,0,0.13039594313743488,0.21945669186388234,-0.37781471104829867,-0.31216741173190155,0,0,0.1292,0.0543,0.499,0.2074,0.1051,1,SMCI
DXCM,"DexCom, Inc.",Healthcare,89.75,33868128256,0.15768988837121184,0.13104093140811432,0.14436540988966307,0.8747248554941107,8,0,True,True,0.3833734111989007,0.2590909090909091,0.07123034227567067,0.0050933786078098476,0.28125,0.13970588235294118,0.104199066874028,0.0345679012345679,0.19243922894084728,0.14436814113045973,0.6631926299286931,0,0.2172480889506602,0.6231410701876303,0.15961084086170954,0,0.2467612398612762,0.05172792701828578,0.7015108331204379,0,0.13169229747537087,0.4105238887233551,0.4577838138012741,0,0.20484365894575374,0.18922676866832355,-0.20655807644944757,-0.39042055479253246,0,0,0.1292,0.0543,0.499,0.1232,0.0467,7,MRNA
KEYS,Keysight Technologies Inc.,Technology,357.82,61149777920,0.1575621491315016,0.0523224291973678,0.1049422891644347,0.8611804870490919,8,0,True,True,0.4110012360939431,0.2651036970243464,0.05080440304826418,0.0005321979776476849,0.15752032520325204,0.04061895551257253,0.026378896882494004,0.006440532417346501,0.19620593580693246,0.1730986484254258,0.6306954157676417,0,0.013266325966260074,0.5703998520021446,0.4163338220315953,0,0.28781067010384204,0.06033522353071848,0.6518541063654396,0,0.07845800956948415,0.4099518129187173,0.5115901775117985,0,0.10473613088659627,0.1831343398366631,-0.4187784880130222,-0.398587802101956,0,0,0.1292,0.0543,0.499,0.2074,0.1051,1,SMCI
TXN,Texas Instruments Incorporated,Technology,279.58,255325782016,0.15749628927736084,0.044597806044886786,0.10104704766112381,0.8584213367472724,8,0,True,False,0.4110012360939431,0.2651036970243464,0.05080440304826418,0.00030553009471432935,0.15752032520325204,0.0078125,0.026378896882494004,0.006440532417346501,0.2123339029921519,0.18732721551810633,0.6003388814897417,0,0.03033327984658602,0.6995208047497967,0.27014591540361715,0,0.31957011747615255,0.05669284136641849,0.6237370411574291,0,0.08112535574413964,0.4588662703708984,0.46000837388496196,0,0.12133359141936896,0.2003477366101461,-0.31390880702731044,-0.34152497091104944,0,0,0.1292,0.0543,0.499,0.2074,0.1051,1,SMCI
ABNB,"Airbnb, Inc.",Consumer Cyclical,184.06,110212489216,0.1574567491051302,0.05034740157423442,0.1039020753396823,0.8565696747400469,8,0,True,False,0.4110012360939431,0.2753246753246753,0.041828503137137735,0.0005321979776476849,0.17482517482517482,0.01642710472279261,0.026378896882494004,0.006440532417346501,0.1757543423739218,0.17109811516850798,0.6531475424575701,0,0.011162883486486672,0.6538011393463612,0.33503597716715217,0,0.25258423278182895,0.06139719955764746,0.6860185676605236,0,0.04100529273825497,0.5016892012498843,0.4573055060118608,0,0.09345861293020423,0.14679476276004197,-0.4006331468821569,-0.4248672740761502,0,0,0.1292,0.0543,0.499,0.137,0.0573,5,CVNA
DASH,"DoorDash, Inc.",Consumer Cyclical,217.02,94033821696,0.15714311398654038,0.08428512394218124,0.12071411896436081,0.8756016223767884,8,0,True,True,0.3833734111989007,0.2590909090909091,0.07123034227567067,0.003211561621838619,0.19754601226993865,0.08841843088418432,0.05613577023498695,0.0210896309314587,0.18908304359528494,0.1618466927804724,0.6490702636242427,0,0.06536455923702061,0.5460286150616908,0.38860682570128874,0,0.25890999003089465,0.02626087041741932,0.7148291395516861,0,0.07578770071650968,0.3672077162526326,0.5570045830308575,0,0.12722380141615278,0.16734884537370218,-0.39161474324661294,-0.4685680159175697,0,0,0.1292,0.0543,0.499,0.137,0.0573,5,CVNA
Q,"Qnity Electronics, Inc.",Technology,142.3,29788968960,0.15706140281445796,0.08254492077955854,0.11980316179700826,0.8824484466239628,8,0,True,False,0.35121951219512193,0.27642276422764234,0.08023255813953488,0.00228310502283105,0.17482517482517482,0.04704301075268817,0.104199066874028,0.0210896309314587,0.24061609460077615,0.10257908007616863,0.6568048253230553,0,0.012295231924493792,0.3949503964769615,0.5927543715985448,0,0.27530651890537167,0.02567985176344223,0.6990136293311862,0,0.10223209126707701,0.4136613322565986,0.4841065764763243,0,0.12645566326263497,0.18876930508622433,-0.4983239351981651,-0.4027907978175309,0,0,0.1292,0.0543,0.499,0.2074,0.1051,1,SMCI
PANW,"Palo Alto Networks, Inc.",Technology,384.27,313180028928,0.15704254387298447,0.050739027576077164,0.10389078572453081,0.8646277495767064,8,0,True,False,0.38640132669983424,0.2803819444444444,0.05080440304826418,0.003211561621838619,0.15752032520325204,0.008771929824561403,0.0443298969072165,0.010356731875719217,0.23001241226337074,0.15368055275308098,0.6163070349835483,0,0.03033327984658602,0.6995208047497967,0.27014591540361715,0,0.28425856711691766,0.04990906164059965,0.6658323712424827,0,0.04838746522657418,0.3762022029346428,0.5754103318387831,0,0.1301728460549784,0.1663230161717459,-0.31305362913860435,-0.454298335368887,0,0,0.1292,0.0543,0.499,0.2074,0.1051,1,SMCI
CAT,"Caterpillar, Inc.",Industrials,856.57,393743728640,0.15696385054555922,0.04772970820099424,0.10234677937327673,0.8671969318168435,8,0,True,False,0.38640132669983424,0.2590909090909091,0.07123034227567067,0.0005321979776476849,0.15752032520325204,0.0006709158000670916,0.0443298969072165,0.006440532417346501,0.23651450639072727,0.10130327435878944,0.6621822192504832,0,0.006924353131239316,0.610699301742768,0.38237634512599283,0,0.2752954017907801,0.049768371663559366,0.6749362265456605,0,0.08252823129899729,0.639321542724926,0.2781502259760767,0,0.1217194297609833,0.1789118165448887,-0.4005598524272547,-0.2976314097159799,0,0,0.1292,0.0543,0.499,0.1201,0.0428,8,BLDR
TPR,"Tapestry, Inc.",Consumer Cyclical,128.98,25717538816,0.15679991624077855,0.03163936453817382,0.09421964038947618,0.8506341719023285,8,0,True,True,0.45092838196286467,0.2387005649717514,0.041828503137137735,0.0005321979776476849,0.10530749789385004,0.01642710472279261,0.01549053356282272,0.0034569453174104338,0.2012273138139498,0.26825585579832534,0.5305168303877249,0,0.010942636437447062,0.5877705897202986,0.4012867738422545,0,0.2533675484689638,0.20775295904804697,0.5388794924829892,0,0.033885111682796364,0.628527093797215,0.33758779451998866,0,0.10608497512569842,0.14362633007588008,-0.3598168269892913,-0.29460731342560886,0,0,0.1292,0.0543,0.499,0.137,0.0573,5,CVNA
CHRW,"C.H. Robinson Worldwide, Inc.",Industrials,148.57,17360592896,0.1566010170877299,0.07626547290918778,0.11643324499845883,0.8895577851553825,8,0,True,False,0.33205226748654887,0.2590909090909091,0.10583446404341927,0.003211561621838619,0.15752032520325204,0.008771929824561403,0.104199066874028,0.0440251572327044,0.23928324355759373,0.0949601724361998,0.6657565840062065,0,0.0018246895362506329,0.8214154233422581,0.17675988712149124,0,0.28425856711691766,0.04990906164059965,0.6658323712424827,0,0.14378261195948333,0.3316751260864181,0.5245422619540986,0,0.12055396654692219,0.2140205895382005,-0.3007042690169267,-0.38116672706009014,0,0,0.1292,0.0543,0.499,0.1201,0.0428,8,BLDR
NTAP,"NetApp, Inc.",Technology,207.08,40571097088,0.15656712901427686,0.05713589206444729,0.10685151053936207,0.87002004817962,8,0,True,False,0.38640132669983424,0.2651036970243464,0.05997552019583843,0.0050933786078098476,0.15752032520325204,0.04061895551257253,0.0443298969072165,0.006440532417346501,0.209663662129533,0.1403728643865656,0.6499634734839014,0,0.06617769493819699,0.4920535224226438,0.4417687826391593,0,0.31472933299353517,0.049301316141720855,0.635969350864744,0,0.0783747242985254,0.3797424021246471,0.5418828735768273,0,0.137920678533865,0.19655202864603027,-0.4079454495276653,-0.39237408357475534,0,0,0.1292,0.0543,0.499,0.2074,0.1051,1,SMCI
TMUS,"T-Mobile US, Inc.",Communication Services,182.61,195880566784,0.15654803704942083,0.06233013991249358,0.10943908848095721,0.8695075201733704,8,0,True,True,0.38640132669983424,0.2651036970243464,0.06467661691542288,0.0005321979776476849,0.17482517482517482,0.046875,0.0443298969072165,0.006440532417346501,0.19538838878284814,0.14658060439291198,0.6580310068242399,0,0.0135356128282731,0.6221884692323827,0.3642759179393442,0,0.31086153602205213,0.04869543845167729,0.6404430255262705,0,0.09908962532629519,0.46806085518712487,0.43284951948657985,0,0.10446200080556062,0.20497558067417365,-0.40669146157623143,-0.3316706918322515,0,0,0.1292,0.0543,0.499,0.1555,0.0796,3,TTD
FFIV,"F5, Inc.",Technology,403.2,22832080896,0.1563048124096696,0.046626204847849635,0.10146550862875961,0.8569341069702805,8,0,True,False,0.4175824175824176,0.2651036970243464,0.041828503137137735,0.00030553009471432935,0.15752032520325204,0.01642710472279261,0.026378896882494004,0.006440532417346501,0.20886364954316625,0.20060903482959583,0.5905273156272379,0,0.029696105327294664,0.780175460992889,0.19012843367981633,0,0.25939977753661175,0.05795000789212047,0.6826502145712677,0,0.04983299620889706,0.39141453379884467,0.5587524699922582,0,0.11927987743523046,0.15461638687275442,-0.27104799721829664,-0.4660849554090086,0,0,0.1292,0.0543,0.499,0.2074,0.1051,1,SMCI
ROP,"Roper Technologies, Inc.",Technology,399.34,39495073792,0.1561570246142286,0.043449785026822015,0.0998034048205253,0.8587536045001044,8,0,True,False,0.4110012360939431,0.2590909090909091,0.05080440304826418,0.0005321979776476849,0.15752032520325204,0.002936857562408223,0.026378896882494004,0.006440532417346501,0.21066975920187248,0.16598606176579978,0.6233441790323277,0,0.01657885815686855,0.5184336319188068,0.4649875099243247,0,0.25939977753661175,0.05795000789212047,0.6826502145712677,0,0.04040426697892987,0.4335134138562159,0.5260823191648543,0,0.11362430867937051,0.1499020222577708,-0.4305415357989557,-0.4544642446102902,0,0,0.1292,0.0543,0.499,0.2074,0.1051,1,SMCI
ZBRA,Zebra Technologies Corporation,Technology,376.03,17911584768,0.15602035462960537,0.03650197688266498,0.09626116575613518,0.8670696111648044,8,0,True,False,0.38640132669983424,0.2651036970243464,0.05997552019583843,0.003211561621838619,0.10530749789385004,0.0006709158000670916,0.0443298969072165,0.006440532417346501,0.19419380993564234,0.16622128192412436,0.6395849081402334,0,0.007440961317418927,0.6562620066763364,0.3362970320062447,0,0.28815671875624577,0.049637241285491865,0.6622060399582623,0,0.03983251406898252,0.3795842427395835,0.5805832431914341,0,0.10081738562653063,0.16399461641261415,-0.3871235844467084,-0.4574000251622341,0,0,0.1292,0.0543,0.499,0.2074,0.1051,1,SMCI
PSX,Phillips 66,Energy,233.61,93215277056,0.15502546784634963,0.053358373427540524,0.10419192063694507,0.8555146849925443,8,0,True,False,0.4110012360939431,0.2803819444444444,0.029296875,8.05607024893257e-05,0.17482517482517482,0.008771929824561403,0.0443298969072165,0.006440532417346501,0.1786453476330726,0.17391252956135742,0.6474421228055699,0,0.0036685403045193022,0.595417663090451,0.4009137966050298,0,0.2645408276801192,0.0623065969917118,0.673152575328169,0,0.05215116702317238,0.4733353581823047,0.47451347479452294,0,0.09115694396879595,0.15834599735164578,-0.43302101573650387,-0.41548702770970014,0,0,0.1292,0.0543,0.499,0.144,0.1019,4,TPL
SLB,SLB Limited,Energy,53.77,79802384384,0.1546426043771348,0.22412424175046197,0.1893834230637984,0.8076401050896415,8,0,True,True,0.3833734111989007,0.2651036970243464,0.05997552019583843,0.0005321979776476849,0.6018518518518519,0.2422360248447205,0.104199066874028,0.0345679012345679,0.2254781678976765,0.17765356188421774,0.5968682702181056,0,0.030480080261400377,0.6574792864627429,0.3120406332758567,0,0.34495490865435724,0.05370422027500006,0.6013408710706428,0,0.20627571237565617,0.47181613430415076,0.3219081533201931,0,0.12797912407953843,0.2756153105150067,-0.3264753276674427,-0.18600920168041127,0,0,0.1292,0.0543,0.499,0.144,0.1019,4,TPL
XYZ,"Block, Inc.",Technology,82.88,49793888256,0.15317085979596184,0.09317093787553576,0.1231708988357488,0.8621776232122107,8,0,True,True,0.3833734111989007,0.2803819444444444,0.041828503137137735,0.0005321979776476849,0.2645161290322581,0.08841843088418432,0.05093833780160858,0.006440532417346501,0.21017187887749092,0.18541981424315584,0.6044083068793533,0,0.013577172267952093,0.7216368671127824,0.26478596061926557,0,0.28185928488517376,0.06083941271526876,0.6573013023995574,0,0.13436302144936133,0.4516897954950233,0.41394718305561534,0,0.11187452557272151,0.20811115316726753,-0.32272260817658793,-0.3275130895603188,0,0,0.1292,0.0543,0.499,0.2074,0.1051,1,SMCI
LEN,Lennar Corporation,Consumer Cyclical,86.83,20916924416,0.15269367328341651,0.07234159583443352,0.11251763455892502,0.8618384223668984,8,0,True,False,0.38640132669983424,0.2651036970243464,0.05080440304826418,0.0005321979776476849,0.24,0.01642710472279261,0.05613577023498695,0.006440532417346501,0.21943186096704947,0.17288969506515356,0.607678443967797,0,0.016016803147365387,0.5347596531096053,0.4492235437430293,0,0.3252891067184625,0.05770740978868258,0.6170034834928549,0,0.09638572071629825,0.5181736506425157,0.38544062864118595,0,0.11772433205720743,0.21083741371738038,-0.4107266617982057,-0.29038464234964007,0,0,0.1292,0.0543,0.499,0.137,0.0573,5,CVNA
FOXA,Fox Corporation,Communication Services,69.04,28972646400,0.15253239839967778,0.05383504020838046,0.10318371930402911,0.874255348500827,8,0,True,True,0.3833734111989007,0.2387005649717514,0.05997552019583843,0.014505119453924915,0.15752032520325204,0.04704301075268817,0.026378896882494004,0.006440532417346501,0.1977401201188276,0.26304315376550463,0.5392167261156677,0,0.06536455923702061,0.5460286150616908,0.38860682570128874,0,0.29998592919062117,0.24344625693140373,0.4565678138779751,0,0.03825097907123271,0.6384690102677676,0.32328001066099965,0,0.13155233967792412,0.16911845413092694,-0.33235943623055414,-0.22080545813856045,0,0,0.1292,0.0543,0.499,0.1555,0.0796,3,TTD
NKE,"Nike, Inc.",Consumer Cyclical,40.73,60422901760,0.15237810767754795,0.058326545060689086,0.10535232636911851,0.8724415428223917,8,0,True,False,0.3833734111989007,0.2387005649717514,0.07123034227567067,0.003211561621838619,0.17482517482517482,0.01642710472279261,0.05613577023498695,0.006440532417346501,0.21035564141401294,0.16573856931726363,0.6239057892687234,0,0.06525510400736263,0.5467888059476476,0.3879560900449899,0,0.34186450669069446,0.09049413784410293,0.5676413554652026,0,0.10184134390952712,0.5475508634721925,0.3506077926182804,0,0.1378053727106878,0.2218529253001108,-0.3681255669461688,-0.2372716487416307,0,0,0.1292,0.0543,0.499,0.137,0.0573,5,CVNA
DHR,Danaher Corporation,Healthcare,202.45,142319517696,0.1523272465885102,0.07263103316256232,0.11247913987553626,0.8739920614249214,8,0,True,False,0.38640132669983424,0.2526315789473685,0.05997552019583843,0.0005321979776476849,0.17482517482517482,0.04704301075268817,0.06722689075630252,0.0210896309314587,0.19351392157189012,0.14220582515234842,0.6642802532757616,0,0.014091656055025964,0.6477479831213846,0.3381603608235894,0,0.25823522812785105,0.05093996222004208,0.6908248096521069,0,0.08246993331830764,0.44989748039381716,0.46763258628787513,0,0.10380278881345804,0.17035258072307935,-0.3974175182362174,-0.40887611724691164,0,0,0.1292,0.0543,0.499,0.1232,0.0467,7,MRNA
VRSK,"Verisk Analytics, Inc.",Industrials,181.67,23802736640,0.15196182708716963,0.09800987341641104,0.12498585025179033,0.8915482004275526,8,0,True,False,0.33205226748654887,0.2803819444444444,0.07123034227567067,0.003211561621838619,0.17142857142857143,0.08841843088418432,0.104199066874028,0.0440251572327044,0.2397274416944633,0.1356907401027062,0.6245818182028305,0,0.06536455923702061,0.5460286150616908,0.38860682570128874,0,0.26500911153940343,0.026044745199914735,0.7089461432606818,0,0.09985307435820906,0.44959886865974863,0.45054805698204226,0,0.15254600046574196,0.18243109294880624,-0.3540483214863177,-0.3973160071725558,0,0,0.1292,0.0543,0.499,0.1201,0.0428,8,BLDR
ETN,"Eaton Corporation, PLC",Industrials,451.51,175321333760,0.15190075593986485,0.037603827757586396,0.09475229184872562,0.8637765532953416,8,0,True,False,0.4110012360939431,0.2387005649717514,0.05080440304826418,0.00228310502283105,0.10530749789385004,0.0006709158000670916,0.0443298969072165,0.010356731875719217,0.1730069044797508,0.17166843233170553,0.6553246631885437,0,0.007145779952024846,0.6302282313449823,0.36262598870299284,0,0.2234213905717686,0.05333076808881578,0.7232478413394157,0,0.04985889538556038,0.41803589330520896,0.5321052113092306,0,0.09007634221588783,0.1366401429786645,-0.41889898372988044,-0.4910363833456587,0,0,0.1292,0.0543,0.499,0.1201,0.0428,8,BLDR
GEN,Gen Digital Inc.,Technology,28.48,17047757824,0.15119624361686487,0.10994618900497086,0.13057121631091786,0.8562167102789819,8,0,True,True,0.4110012360939431,0.2651036970243464,0.028129952456418382,0.00030553009471432935,0.28125,0.13846153846153847,0.05613577023498695,0.006440532417346501,0.2025325660897146,0.24518220644570082,0.5522852274645846,0,0.013555142500637172,0.7098386621906777,0.2766061953086851,0,0.2927152307370009,0.08942211466795913,0.61786265459504,0,0.130642034543669,0.522859946158327,0.34649801929800395,0,0.10804385429517588,0.21167863264033493,-0.30640185709145895,-0.27050170430618703,0,0,0.1292,0.0543,0.499,0.2074,0.1051,1,SMCI
CMCSA,Comcast Corporation,Communication Services,26.18,92903309312,0.15028740045203934,0.08253637334878673,0.11641188690041304,0.8657763090994408,8,0,True,False,0.3833734111989007,0.2387005649717514,0.06467661691542288,0.00228310502283105,0.2645161290322581,0.019830028328611898,0.05613577023498695,0.0210896309314587,0.19636595113186608,0.16808053837661463,0.6355535104915193,0,0.014168405316496803,0.7096922665762696,0.27613932810723363,0,0.33156142130522026,0.06201310512783916,0.6064254735669407,0,0.12953508487484836,0.47139169607714093,0.3990732190480107,0,0.10526717822418144,0.2305482530900343,-0.350579241075195,-0.27220109321744135,0,0,0.1292,0.0543,0.499,0.1555,0.0796,3,TTD
CF,"CF Industries Holdings, Inc.",Basic Materials,118.3,17903300608,0.14960049605311976,0.04015453697885667,0.09487751651598822,0.8686889057122977,8,0,True,False,0.3833734111989007,0.2651036970243464,0.041828503137137735,0.0005321979776476849,0.09619047619047619,0.019830028328611898,0.0443298969072165,0.010356731875719217,0.19076929465018438,0.2038592791111014,0.6053714262387142,0,0.04314930533112288,0.6458769703248076,0.3109737243440695,0,0.2560606677859807,0.057337215712473986,0.6866021165015452,0,0.08406574669238454,0.4392528621362436,0.4766813911713719,0,0.11695929999065363,0.1700632072391826,-0.3412132753007382,-0.411578546597276,0,0,0.1292,0.0543,0.499,0.1299,0.0466,6,MOS
META,"Meta Platforms, Inc.",Communication Services,589.85,1502646501376,0.14820835520564782,0.04244453179911585,0.09532644350238184,0.8603688107750492,8,0,True,False,0.4110012360939431,0.22507708119218914,0.05080440304826418,0.0005321979776476849,0.17482517482517482,0.002936857562408223,0.011882998171846435,0.0034569453174104338,0.21429226806128665,0.14797979962053828,0.637727932318175,0,0.006984584575738069,0.5284332068169886,0.4645822086072733,0,0.33156142130522026,0.06201310512783916,0.6064254735669407,0,0.07728475210703314,0.497521473398245,0.4251937744947219,0,0.11063842631851235,0.2044230867061267,-0.44051664414421177,-0.31138653732470456,0,0,0.1292,0.0543,0.499,0.1555,0.0796,3,TTD
PYPL,"PayPal Holdings, Inc.",Financial Services,61.66,53150920704,0.14819537153584672,0.04156249537122547,0.0948789334535361,0.8649309605661125,8,0,True,False,0.3833734111989007,0.2590909090909091,0.041828503137137735,0.0005321979776476849,0.15752032520325204,0.01088646967340591,0.01549053356282272,0.0034569453174104338,0.16264786605544648,0.24076546319816874,0.5965866707463848,0,0.03007924718216254,0.6756210541320792,0.2942996986857583,0,0.20869144323644861,0.11944277717264723,0.6718657795909041,0,0.03243609240503334,0.5024931189901309,0.46507078860483575,0,0.09636355661880451,0.12056376782074098,-0.34907962809726706,-0.44790451627712896,0,0,0.1292,0.0543,0.499,0.094,0.0276,10,HOOD
SOLV,Solventum Corporation,Healthcare,88.59,15080119296,0.1467028058981322,0.027341894144516897,0.08702235002132455,0.8693016263733164,8,0,True,False,0.3833734111989007,0.2387005649717514,0.05080440304826418,0.003211561621838619,0.09619047619047619,0.002936857562408223,0.01549053356282272,0.006440532417346501,0.17832290738394985,0.17359863166197012,0.6480784609540801,0,0.007657885974958839,0.7531364380589954,0.23920567596604583,0,0.24640522518911545,0.08728571730579165,0.666309057505093,0,0.10362967281290195,0.5571658292378157,0.3392044979492823,0,0.09299039667945434,0.17501744900100868,-0.35065167178060863,-0.32773932872617895,0,0,0.1292,0.0543,0.499,0.1232,0.0467,7,MRNA
TDG,Transdigm Group Incorporated,Industrials,1256.9,70302924800,0.14649292822782164,0.04156249537122547,0.09402771179952356,0.8620488640441418,8,0,True,False,0.4110012360939431,0.22507708119218914,0.041828503137137735,0.003211561621838619,0.15752032520325204,0.01088646967340591,0.01549053356282272,0.0034569453174104338,0.1770748290860408,0.1948350101179558,0.6280901607960034,0,0.007323234767782838,0.645879012005688,0.34679775322652917,0,0.2749851585509596,0.0916637302335586,0.6333511112154818,0,0.08050209712124104,0.6039683403515294,0.31552956252722963,0,0.09219903192691183,0.17774362783610032,-0.3952449250843545,-0.2966967090352554,0,0,0.1292,0.0543,0.499,0.1201,0.0428,8,BLDR
GS,"Goldman Sachs Group, Inc. (The)",Financial Services,1039.42,302649376768,0.1458584391972656,0.025968900769177725,0.08591366998322167,0.8685534438970044,8,0,True,False,0.3833734111989007,0.2387005649717514,0.05080440304826418,0.00030553009471432935,0.09619047619047619,0.0006709158000670916,0.01549053356282272,0.0034569453174104338,0.19320802205925097,0.17045380072657584,0.6363381772141732,0,0.007141782243916417,0.6546532967395764,0.33820492101650707,0,0.24710194263147495,0.0618475476465659,0.6910505097219592,0,0.04979906135049558,0.4970888226266817,0.4531121160228227,0,0.1001749021515837,0.14845050199098525,-0.38709664696375645,-0.42363081088140575,0,0,0.1292,0.0543,0.499,0.094,0.0276,10,HOOD
DG,Dollar General Corporation,Consumer Defensive,123.28,27193921536,0.14564856152695502,0.041064604842729696,0.09335658318484236,0.861580689336895,8,0,True,False,0.4110012360939431,0.22507708119218914,0.041828503137137735,0.00030553009471432935,0.15752032520325204,0.008771929824561403,0.01549053356282272,0.0034569453174104338,0.17084880846714312,0.16952703248168377,0.6596241590511731,0,0.013092385593630853,0.4923217878911118,0.4945858265152574,0,0.26110220482905194,0.061496707304487384,0.6774010878664608,0,0.04895087531424237,0.5056544908653153,0.4453946338204422,0,0.09197059703038699,0.15502654007164715,-0.48513439575282824,-0.4063713207718044,0,0,0.1292,0.0543,0.499,0.1024,0.0372,9,MNST
ISRG,"Intuitive Surgical, Inc.",Healthcare,394.51,141344276480,0.14542713781561853,0.04455989377992501,0.09499351579777177,0.8648648186786481,8,0,True,False,0.38640132669983424,0.24468085106382978,0.041828503137137735,0.0005321979776476849,0.17482517482517482,0.0078125,0.01549053356282272,0.0034569453174104338,0.19620593580693246,0.1730986484254258,0.6306954157676417,0,0.013056406160984236,0.6001608841832875,0.3867827096557284,0,0.28781067010384204,0.06033522353071848,0.6518541063654396,0,0.04967611594812176,0.5686229659351123,0.381700918116766,0,0.10463117098395835,0.1687433930259819,-0.40410789172772665,-0.3480341192151209,0,0,0.1292,0.0543,0.499,0.1232,0.0467,7,MRNA
STLD,"Steel Dynamics, Inc.",Basic Materials,255.77,36659027968,0.14535033962366192,0.025941044898882177,0.08564569226127206,0.8605676046946222,8,0,True,False,0.4110012360939431,0.2387005649717514,0.029296875,0.00030553009471432935,0.08433734939759036,0.0078125,0.01549053356282272,0.006440532417346501,0.17757908645722348,0.1882075624606234,0.6342133510821532,0,0.007293607262521368,0.5899391110913211,0.4027672816461576,0,0.24194707644311628,0.06133986767752898,0.6967130558793547,0,0.0350370875795708,0.4570132119752326,0.5079497004451966,0,0.09243634685987243,0.13849208201134355,-0.426053969504283,-0.4638392961509321,0,0,0.1292,0.0543,0.499,0.1299,0.0466,6,MOS
AMZN,"Amazon.com, Inc.",Consumer Cyclical,262.65,2833025073152,0.14499001539043274,0.03901682195039016,0.09200341867041145,0.8618303729950406,8,0,True,False,0.4110012360939431,0.2387005649717514,0.028235294117647056,8.05607024893257e-05,0.12307692307692307,0.01088646967340591,0.026378896882494004,0.010356731875719217,0.212216943436655,0.21160825009127016,0.5761748064720749,0,0.013604320873393099,0.6253467564824337,0.36104892264417326,0,0.24710194263147495,0.0618475476465659,0.6910505097219592,0,0.03575146415197917,0.44458676709027056,0.5196617687577503,0,0.11291063215502406,0.14142670339172705,-0.35570123240310003,-0.46392943584812774,0,0,0.1292,0.0543,0.499,0.137,0.0573,5,CVNA
BX,Blackstone Inc.,Financial Services,143.93,172039208960,0.1445383462672277,0.07321382619229383,0.10887608622976076,0.8741596996500951,8,0,True,True,0.38640132669983424,0.2387005649717514,0.041828503137137735,0.00228310502283105,0.17482517482517482,0.08841843088418432,0.0443298969072165,0.010356731875719217,0.1953580442275848,0.17235061353141118,0.6322913422410039,0,0.02807103295267563,0.5657811436856435,0.4061478233616808,0,0.2505337581342248,0.05776318809651633,0.6917030537692587,0,0.08112535574413964,0.4588662703708984,0.46000837388496196,0,0.11171453859013021,0.16582955693918222,-0.40750504421121214,-0.4100261568879281,0,0,0.1292,0.0543,0.499,0.094,0.0276,10,HOOD
CVS,CVS Health Corporation,Healthcare,97.16,124264767488,0.144029608632599,0.030303061198961156,0.08716633491578007,0.868793048168029,8,0,True,False,0.38640132669983424,0.2387005649717514,0.041828503137137735,0.0005321979776476849,0.09619047619047619,0.01088646967340591,0.019553072625698324,0.006440532417346501,0.21017187887749092,0.18541981424315584,0.6044083068793533,0,0.014015400968039621,0.7653307875550499,0.2206538114769105,0,0.2686784280436147,0.08956144061572133,0.6417601313406639,0,0.0829669065756827,0.5918426614702743,0.325190431954043,0,0.11209363992276528,0.17582266730964868,-0.30043741925536666,-0.30765261433770474,0,0,0.1292,0.0543,0.499,0.1232,0.0467,7,MRNA
DECK,Deckers Outdoor Corporation,Consumer Cyclical,93.09,12677168128,0.144029608632599,0.061958939665753485,0.10299427414917625,0.8713362749428751,8,0,True,False,0.38640132669983424,0.2387005649717514,0.041828503137137735,0.0005321979776476849,0.17482517482517482,0.04061895551257253,0.0443298969072165,0.010356731875719217,0.19650252020659573,0.16819743544290255,0.6353000443505018,0,0.0014940717038777638,0.4645339782460179,0.5339719500501043,0,0.26955916159925647,0.057155062969404834,0.6732857754313386,0,0.13174161052750732,0.46238728013885483,0.40587110933363785,0,0.09899829595523675,0.2006503860633819,-0.48563770124506633,-0.33892805631910633,0,0,0.1292,0.0543,0.499,0.137,0.0573,5,CVNA
UBER,"Uber Technologies, Inc.",Technology,75.95,155132428288,0.144029608632599,0.1474436294436757,0.14573661903813734,0.8538183706127238,8,0,True,True,0.38640132669983424,0.2387005649717514,0.041828503137137735,0.0005321979776476849,0.341995841995842,0.2422360248447205,0.05613577023498695,0.006440532417346501,0.25083848303550094,0.1970904519530259,0.5520710650114732,0,0.06750625196543823,0.6277572290690189,0.30473651896554305,0,0.33156142130522026,0.06201310512783916,0.6064254735669407,0,0.13964861333675377,0.5081958819051591,0.35215550475808716,0,0.1591723675004696,0.23560501732098701,-0.2692314244880385,-0.2436854718415269,0,0,0.1292,0.0543,0.499,0.2074,0.1051,1,SMCI
GOOGL,Alphabet Inc.,Communication Services,345.9,4230334382080,0.14396374877845824,0.043106486499784415,0.09353511763912133,0.8703832599748516,8,0,True,False,0.38640132669983424,0.2387005649717514,0.041828503137137735,0.00030553009471432935,0.12307692307692307,0.0078125,0.0443298969072165,0.010356731875719217,0.2015277242316625,0.17779368672657744,0.62067858904176,0,0.007141782243916417,0.6546532967395764,0.33820492101650707,0,0.2991761225766424,0.08750699028750286,0.6133168871358547,0,0.08178903288106726,0.5265635647302962,0.39164740238863655,0,0.10433475323778946,0.19048257772885482,-0.37510700179134404,-0.3119995670333908,0,0,0.1292,0.0543,0.499,0.1555,0.0796,3,TTD
ADSK,"Autodesk, Inc.",Technology,251.66,53136814080,0.14396374877845824,0.0462990300083748,0.09513138939341652,0.8683622251461744,8,0,True,False,0.38640132669983424,0.2387005649717514,0.041828503137137735,0.00030553009471432935,0.15752032520325204,0.015037593984962405,0.026378896882494004,0.006440532417346501,0.21017828800862637,0.18542546856718312,0.6043962434241905,0,0.0070786682705259365,0.5725538978062265,0.42036743392324755,0,0.2899289731783729,0.05730841145526403,0.6527626153663629,0,0.08246993331830764,0.44989748039381716,0.46763258628787513,0,0.10862847813957616,0.18619945324834028,-0.4037533605341429,-0.37399814757877875,0,0,0.1292,0.0543,0.499,0.2074,0.1051,1,SMCI
DVN,Devon Energy Corporation,Energy,45.85,50434998272,0.14396374877845824,0.16159176192261557,0.1527777553505369,0.8384845612659735,8,0,True,True,0.38640132669983424,0.2387005649717514,0.041828503137137735,0.00030553009471432935,0.455,0.13970588235294118,0.104199066874028,0.010356731875719217,0.19206713401003148,0.2325129464928708,0.5754199194970977,0,0.014264817859313085,0.7895151129046645,0.19622006923602248,0,0.33293444687673757,0.15982304887472562,0.5072425042485368,0,0.10141261849512269,0.5966677695844435,0.30191961192043376,0,0.10316597593467228,0.21717353268593012,-0.2826540184318878,-0.18740752539855515,0,0,0.1292,0.0543,0.499,0.144,0.1019,4,TPL
NUE,Nucor Corporation,Basic Materials,268.91,61009141760,0.14379380307757952,0.018159582422981442,0.08097669275028048,0.8635709509643571,8,0,True,False,0.3833734111989007,0.2590909090909091,0.026459143968871595,8.05607024893257e-05,0.06437291897891233,0.0006709158000670916,0.011882998171846435,0.0034569453174104338,0.15449716358180016,0.19649088541220242,0.6490119510059975,0,0.00012616204591958316,0.7051162976234173,0.2947575403306631,0,0.2104690765673082,0.08876334152080861,0.7007675819118832,0,0.03523640224569385,0.4756339885805557,0.4891296091737506,0,0.07731166281385987,0.12285273940650103,-0.39457308285447046,-0.4720958561363159,0,0,0.1292,0.0543,0.499,0.1299,0.0466,6,MOS
URI,"United Rentals, Inc.",Industrials,1153.83,71817248768,0.1437025386673465,0.009892104032031064,0.07679732134968878,0.8502742645530885,8,0,True,False,0.45092838196286467,0.1975540921919097,0.029296875,0.0005321979776476849,0.03536977491961415,0.0,0.004898958971218616,0.0034569453174104338,0.15803895766735387,0.22114135806902355,0.6208196842636226,0,0.00012473678592283277,0.6726505844658772,0.32722467874819994,0,0.2013100216354445,0.0897930520701943,0.7088969262943612,0,0.03243609240503334,0.5024931189901309,0.46507078860483575,0,0.07908184722663836,0.11687305702023892,-0.3949403342792729,-0.47011080042935954,0,0,0.1292,0.0543,0.499,0.1201,0.0428,8,BLDR
APO,"Apollo Global Management, Inc. ",Financial Services,140.76,83124854784,0.1434303652268543,0.06760577255544833,0.10551806889115131,0.8743855769694453,8,0,True,True,0.3833734111989007,0.2387005649717514,0.041828503137137735,0.0005321979776476849,0.17142857142857143,0.054878048780487805,0.0443298969072165,0.0210896309314587,0.1786453476330726,0.17391252956135742,0.6474421228055699,0,0.029152783969440824,0.6198708064161362,0.35097640961442295,0,0.2560606677859807,0.057337215712473986,0.6866021165015452,0,0.09466809425595824,0.49179679574168517,0.41353511000235654,0,0.10389906580125671,0.17536438102096946,-0.3953102004087397,-0.3747042322309814,0,0,0.1292,0.0543,0.499,0.094,0.0276,10,HOOD
LYB,LyondellBasell Industries NV,Basic Materials,63.76,20596899840,0.1434303652268543,0.06848207296539498,0.10595621909612463,0.873911925013358,8,0,True,False,0.3833734111989007,0.2387005649717514,0.041828503137137735,0.0005321979776476849,0.17482517482517482,0.054878048780487805,0.05613577023498695,0.010356731875719217,0.19320802205925097,0.17045380072657584,0.6363381772141732,0,0.02772051484583726,0.5712031590324042,0.4010763261217586,0,0.25939977753661175,0.05795000789212047,0.6826502145712677,0,0.13245645676402024,0.45947012717590413,0.40807341606007563,0,0.11046426845254412,0.195928117150316,-0.40824298321542174,-0.3494336981653557,0,0,0.1292,0.0543,0.499,0.1299,0.0466,6,MOS
KHC,The Kraft Heinz Company,Consumer Defensive,25.51,30250364928,0.14336450537271353,0.0971730351071765,0.120268770239945,0.8778984913242309,8,0,True,False,0.3833734111989007,0.2387005649717514,0.041828503137137735,0.00030553009471432935,0.19754601226993865,0.08841843088418432,0.104199066874028,0.0210896309314587,0.212216943436655,0.21160825009127016,0.5761748064720749,0,0.004788725305299112,0.5461139608465272,0.44909731384817353,0,0.2615863183685034,0.08596232076257711,0.6524513608689195,0,0.20502362619704634,0.48961080698143766,0.3053655668215161,0,0.10850283437097706,0.23330497228277486,-0.4041332257891471,-0.24560349156244296,0,0,0.1292,0.0543,0.499,0.1024,0.0372,9,MNST
LLY,Eli Lilly and Company,Healthcare,1180.16,1051943960576,0.1432763545799766,0.07659986513658561,0.10993810985828109,0.83138126234675,8,0,True,False,0.45092838196286467,0.1975540921919097,0.028235294117647056,8.05607024893257e-05,0.341995841995842,0.002936857562408223,0.005197505197505198,0.0034569453174104338,0.16481935013934818,0.23062905162021644,0.6045515982404353,0,0.0005011151146742242,0.7480316108784975,0.25146727400682845,0,0.24710194263147495,0.0618475476465659,0.6910505097219592,0,0.033371371031281856,0.5505371762674508,0.4160914527012675,0,0.0826602326270112,0.1402366568313784,-0.3453492034966207,-0.413334324380235,0,0,0.1292,0.0543,0.499,0.1232,0.0467,7,MRNA
VRSN,"VeriSign, Inc.",Technology,284.24,25695295488,0.14312435461674192,0.031225626577070502,0.08717499059690621,0.8605334191390274,8,0,True,False,0.41733067729083667,0.22507708119218914,0.028235294117647056,0.00030553009471432935,0.10530749789385004,0.002936857562408223,0.0226628895184136,0.006440532417346501,0.19900624811438222,0.24091331064038057,0.5600804412452371,0,0.01103980764758022,0.6465926861003466,0.34236750625207335,0,0.2615863183685034,0.08596232076257711,0.6524513608689195,0,0.04008141474256363,0.44589228066052683,0.5140263045969097,0,0.10502302788098122,0.1508338665555335,-0.346200945867674,-0.4324049661773811,0,0,0.1292,0.0543,0.499,0.2074,0.1051,1,SMCI
KDP,Keurig Dr Pepper Inc.,Consumer Defensive,31.44,42784370688,0.1429486644735981,0.09084039118628597,0.11689452782994203,0.8810000085887905,8,0,True,True,0.3833734111989007,0.22507708119218914,0.041828503137137735,0.009831460674157303,0.17482517482517482,0.12437810945273632,0.06722689075630252,0.0210896309314587,0.1757543423739218,0.17109811516850798,0.6531475424575701,0,0.013266325966260074,0.5703998520021446,0.4163338220315953,0,0.2749851585509596,0.0916637302335586,0.6333511112154818,0,0.1329087448397112,0.5319318503695937,0.33515940479069506,0,0.09451033417009093,0.20394695169533542,-0.4402303480744918,-0.28030830630775305,0,0,0.1292,0.0543,0.499,0.1024,0.0372,9,MNST
IRM,Iron Mountain Incorporated (Del,Real Estate,129.43,38531674112,0.14274063595181802,0.04730255140926681,0.09502159368054242,0.8762027369722903,8,0,True,False,0.3833734111989007,0.22507708119218914,0.05080440304826418,0.0005321979776476849,0.09619047619047619,0.0078125,0.05613577023498695,0.0345679012345679,0.1894045391711216,0.13776287597652453,0.672832584852354,0,0.0015279089125281712,0.5747698093758741,0.42370228171159785,0,0.25939977753661175,0.05795000789212047,0.6826502145712677,0,0.08246993331830764,0.44989748039381716,0.46763258628787513,0,0.09546622404182488,0.1709348554274597,-0.452801209240151,-0.40420654500211173,0,0,0.1292,0.0543,0.499,0.084,0.0224,11,CSGP
TSN,"Tyson Foods, Inc.",Consumer Defensive,58.17,20464291840,0.14229415126037198,0.06174143491005399,0.10201779308521298,0.8689440507533381,8,0,True,True,0.4110012360939431,0.2071097372488408,0.041828503137137735,0.003211561621838619,0.15752032520325204,0.08841843088418432,0.0226628895184136,0.0034569453174104338,0.17195430811732448,0.1928461941392607,0.6351994977434148,0,0.004957481385297702,0.6306882929677597,0.3643542256469424,0,0.2826643480951177,0.09422351623254599,0.6231121356723361,0,0.10362967281290195,0.5571658292378157,0.3392044979492823,0,0.08845589475131109,0.19314701045400984,-0.4113209669438675,-0.2880113063567994,0,0,0.1292,0.0543,0.499,0.1024,0.0372,9,MNST
RCL,Royal Caribbean Cruises Ltd.,Consumer Cyclical,305.0,81572880384,0.14192275000424304,0.042993406243855836,0.09245807812404944,0.8667657133070822,8,0,True,False,0.38640132669983424,0.2387005649717514,0.034482758620689655,0.00030553009471432935,0.15752032520325204,0.008771929824561403,0.019553072625698324,0.006440532417346501,0.1770748290860408,0.1948350101179558,0.6280901607960034,0,0.005009184779464243,0.6605348787977389,0.3344559364227969,0,0.2585863344252216,0.06090415104498865,0.6805095145297897,0,0.04030053122025184,0.5102537121096458,0.4494457566701024,0,0.09104200693275252,0.14944343282273673,-0.3902310416766477,-0.4155342027772093,0,0,0.1292,0.0543,0.499,0.137,0.0573,5,CVNA
NFLX,"Netflix, Inc.",Communication Services,78.16,325453545472,0.14185781143231022,0.08724896453038847,0.11455338798134934,0.8827463940642464,8,0,True,False,0.33205226748654887,0.2590909090909091,0.05080440304826418,0.0050933786078098476,0.21777777777777776,0.04061895551257253,0.104199066874028,0.010356731875719217,0.2044667542156527,0.18038658543689529,0.615146660347452,0,0.01570220051666448,0.49101987398324753,0.4932779255000881,0,0.38219835332413177,0.0656974622202857,0.5521041844555825,0,0.1344926176820055,0.5570336749834359,0.30847370733455853,0,0.11008447736615859,0.25834548550306863,-0.4441278155576115,-0.1719434603920019,0,0,0.1292,0.0543,0.499,0.1555,0.0796,3,TTD
CEG,Constellation Energy Corporatio,Utilities,282.5,100091838464,0.14144282567133618,0.0956664519440267,0.11855463880768144,0.8814722689873388,8,0,True,True,0.33205226748654887,0.2387005649717514,0.07123034227567067,0.0005321979776476849,0.2645161290322581,0.08841843088418432,0.05613577023498695,0.010356731875719217,0.20768247028838385,0.1335015856286791,0.6588159440829372,0,0.004590766356362855,0.42856145896203507,0.566847774681602,0,0.31472933299353517,0.049301316141720855,0.635969350864744,0,0.14076012185703604,0.4326276328069566,0.42661224533600745,0,0.10613661832237335,0.22774472742528562,-0.5066952410598962,-0.3035460706750901,0,0,0.1292,0.0543,0.499,0.058,0.0155,12,NRG
RMD,ResMed Inc.,Healthcare,224.46,32378873856,0.14084594553301066,0.041064604842729696,0.09095527518787018,0.8682566755532156,8,0,True,False,0.38640132669983424,0.22507708119218914,0.041828503137137735,0.0005321979776476849,0.15752032520325204,0.008771929824561403,0.01549053356282272,0.0034569453174104338,0.1786453476330726,0.17391252956135742,0.6474421228055699,0,0.01103980764758022,0.6465926861003466,0.34236750625207335,0,0.25818265820197533,0.08484381223802302,0.6569735295600015,0,0.037732120567277753,0.5576371889990275,0.40463069043369465,0,0.09484257764032641,0.14795738938462655,-0.4000622368884952,-0.3828447206122215,0,0,0.1292,0.0543,0.499,0.1232,0.0467,7,MRNA
CCI,Crown Castle Inc.,Real Estate,75.98,32326105088,0.14011547592670537,0.07155645921036283,0.1058359675685341,0.8773839294369918,8,0,True,True,0.3833734111989007,0.22507708119218914,0.041828503137137735,8.05607024893257e-05,0.15752032520325204,0.08841843088418432,0.05613577023498695,0.006440532417346501,0.1914327780655707,0.16385796119300133,0.644709260741428,0,0.0008926409444349973,0.5906597538315225,0.40844760522404255,0,0.33156142130522026,0.06201310512783916,0.6064254735669407,0,0.13399344533688606,0.48761613520846764,0.3783904194546462,0,0.09616270950500286,0.23277743332105316,-0.43041572347773244,-0.2596305131897403,0,0,0.1292,0.0543,0.499,0.084,0.0224,11,CSGP
CRH,CRH PLC,Basic Materials,97.15,64632389632,0.13981725402341227,0.0523224291973678,0.09606984161039003,0.8702500618193516,8,0,True,True,0.3833734111989007,0.2387005649717514,0.029296875,8.05607024893257e-05,0.15752032520325204,0.04061895551257253,0.026378896882494004,0.006440532417346501,0.19156518986308887,0.21077871935760828,0.5976560907793029,0,0.005376181426751487,0.7224470520496348,0.2721767665236139,0,0.31347556279077216,0.09300679398346696,0.5935176432257607,0,0.106910146939205,0.5748033266578335,0.3182865264029615,0,0.09847068564492018,0.21019285486498857,-0.3364457430065382,-0.24570922994937255,0,0,0.1292,0.0543,0.499,0.1299,0.0466,6,MOS
BKR,Baker Hughes Company,Energy,64.82,64345133056,0.13969367753254638,0.1687661224366302,0.1542298999845883,0.8345645345704159,8,0,True,True,0.3833734111989007,0.2387005649717514,0.028616852146263912,0.00030553009471432935,0.4743202416918429,0.13970588235294118,0.104199066874028,0.0210896309314587,0.18760180480686278,0.22710730093335935,0.585290894259778,0,0.03108535798832304,0.78166476729511,0.18724987471656698,0,0.30495106443108394,0.14679502412187112,0.5482539114470449,0,0.14081879487049956,0.583235066469734,0.2759461386597664,0,0.10934358139759291,0.22288492965079176,-0.2769268030905796,-0.18921509540261394,0,0,0.1292,0.0543,0.499,0.144,0.1019,4,TPL
CBOE,"Cboe Global Markets, Inc.",Financial Services,296.14,30926202880,0.13949498158391552,0.04593613926514384,0.09271556042452968,0.8813531205440114,8,0,True,False,0.35121951219512193,0.2387005649717514,0.05080440304826418,0.00030553009471432935,0.12307692307692307,0.019830028328611898,0.0443298969072165,0.010356731875719217,0.1914327780655707,0.16385796119300133,0.644709260741428,0,0.016735628210909393,0.5712471515933437,0.41201722019574677,0,0.25939977753661175,0.05795000789212047,0.6826502145712677,0,0.10213780935439125,0.41420207372428564,0.4836601169213231,0,0.10408420313824006,0.1807687934455015,-0.42427903733034733,-0.4023863723007939,0,0,0.1292,0.0543,0.499,0.094,0.0276,10,HOOD
EBAY,eBay Inc.,Consumer Cyclical,103.14,45897297920,0.1391513657095729,0.04590816074611804,0.09252976322784547,0.8702236653640175,8,0,True,False,0.4110012360939431,0.1975540921919097,0.041828503137137735,8.05607024893257e-05,0.10530749789385004,0.04061895551257253,0.0443298969072165,0.006440532417346501,0.19156518986308887,0.21077871935760828,0.5976560907793029,0,0.012383841883639465,0.5324565064668962,0.45515965164946454,0,0.2585863344252216,0.06090415104498865,0.6805095145297897,0,0.08043588627925212,0.47703389709356603,0.4425302166271818,0,0.10197451587336417,0.16951111035223687,-0.42443335534101956,-0.3920087552262489,0,0,0.1292,0.0543,0.499,0.137,0.0573,5,CVNA
VTRS,Viatris Inc.,Healthcare,16.23,18641629184,0.1384759991302276,0.061814183694835136,0.10014509141253136,0.8778091632574421,8,0,True,False,0.3833734111989007,0.2071097372488408,0.05080440304826418,0.00030553009471432935,0.15752032520325204,0.04704301075268817,0.05613577023498695,0.006440532417346501,0.2044667542156527,0.18038658543689529,0.615146660347452,0,0.01371440496849054,0.7428305525154073,0.24345504251610225,0,0.29308643706587867,0.08826736685001893,0.6186461960841024,0,0.14197710284001175,0.5880835543409816,0.26993934281900656,0,0.10909057959207162,0.2175317699529452,-0.3202102718397055,-0.22676099949860928,0,0,0.1292,0.0543,0.499,0.1232,0.0467,7,MRNA
RL,Ralph Lauren Corporation,Consumer Cyclical,388.92,23172724736,0.1377095325777022,0.02886953256165606,0.08328953256967912,0.8637014031083206,8,0,True,False,0.4110012360939431,0.2071097372488408,0.028129952456418382,0.0005321979776476849,0.10530749789385004,0.008771929824561403,0.011882998171846435,0.0034569453174104338,0.1639949224698351,0.23450779952576575,0.6014972780043991,0,0.007387045688530419,0.6806864852230399,0.31192646908842964,0,0.2435316797970295,0.0850459370904734,0.671422383112497,0,0.03549764996086692,0.47916040685416117,0.48534194318497204,0,0.08569098407918276,0.1395146648789482,-0.3710208894672316,-0.4388674982697863,0,0,0.1292,0.0543,0.499,0.137,0.0573,5,CVNA
OXY,Occidental Petroleum Corporatio,Energy,58.36,58338836480,0.13698234091214465,0.06890860822229751,0.10294547456722108,0.8690101630551312,8,0,True,False,0.3833734111989007,0.2387005649717514,0.01909375890567113,8.05607024893257e-05,0.19754601226993865,0.04061895551257253,0.05613577023498695,0.006440532417346501,0.16656042121211823,0.25665269180003314,0.5767868869878486,0,0.0139077175790942,0.7392055977780366,0.24688668464286906,0,0.2820430127436898,0.1282215861605961,0.5897354010957141,0,0.07860198151244167,0.48895730682228766,0.4324407116652705,0,0.09023406939560621,0.18032249712806575,-0.32160271641975263,-0.33076555925242657,0,0,0.1292,0.0543,0.499,0.144,0.1019,4,TPL
GOOG,Alphabet Inc.,Communication Services,343.54,4201472065536,0.13663359092382393,0.033323904583414166,0.08497874775361905,0.8706767363535054,8,0,True,False,0.3833734111989007,0.22507708119218914,0.029296875,8.05607024893257e-05,0.10530749789385004,0.002936857562408223,0.026378896882494004,0.010356731875719217,0.19156518986308887,0.21077871935760828,0.5976560907793029,0,0.005009184779464243,0.6605348787977389,0.3344559364227969,0,0.30686322703652225,0.09104494361219731,0.6020918293512806,0,0.06718906782135095,0.5527816839624154,0.3800292482162336,0,0.09828718732127656,0.18702614742893658,-0.36776882627977336,-0.30403439135482047,0,0,0.1292,0.0543,0.499,0.1555,0.0796,3,TTD
AJG,Arthur J. Gallagher & Co.,Financial Services,251.21,64395423744,0.1366271587993598,0.03558677295675255,0.08610696587805618,0.8633299235953902,8,0,True,False,0.41733067729083667,0.1975540921919097,0.028235294117647056,8.05607024893257e-05,0.12307692307692307,0.008771929824561403,0.019553072625698324,0.006440532417346501,0.1603442899237927,0.22436717221962219,0.615288537856585,0,0.013383703591740561,0.5668679396372585,0.41974835677100103,0,0.2331278364147516,0.05910470486419917,0.7077674587210493,0,0.03574215858131528,0.4088481205318027,0.5554097208868819,0,0.08686399675776664,0.13443499749803345,-0.43065445055602636,-0.49715359230593215,0,0,0.1292,0.0543,0.499,0.094,0.0276,10,HOOD
LUV,Southwest Airlines Company,Industrials,44.26,21652353024,0.13658130871142027,0.08816268001262585,0.11237199436202305,0.8785204468228199,8,0,True,True,0.38640132669983424,0.2071097372488408,0.041828503137137735,0.00030553009471432935,0.17482517482517482,0.13846153846153847,0.05613577023498695,0.010356731875719217,0.18114171261966558,0.1763427588132185,0.6425155285671158,0,0.007666801800368649,0.7170416792930029,0.27529151890662845,0,0.25939977753661175,0.05795000789212047,0.6826502145712677,0,0.18406724042159817,0.45609227643454203,0.35984048314385986,0,0.09440425721001712,0.22173350897910496,-0.364499266526855,-0.29951183987845886,0,0,0.1292,0.0543,0.499,0.1201,0.0428,8,BLDR
COP,ConocoPhillips,Energy,126.78,152305565696,0.1364446480865382,0.05030920185419909,0.09337692497036865,0.8689866638899855,8,0,True,False,0.3833734111989007,0.22507708119218914,0.028616852146263912,8.05607024893257e-05,0.17482517482517482,0.019830028328611898,0.026378896882494004,0.0034569453174104338,0.16267910757672033,0.25067198170698873,0.586648910716291,0,0.014540917674583041,0.820131545668855,0.16532753665656194,0,0.27393446566741153,0.22777128788266768,0.4982942464499208,0,0.03879590017641568,0.5759665190589882,0.3852375807645962,0,0.08861001262565169,0.1563651829219136,-0.28737821106077477,-0.2854007306853449,0,0,0.1292,0.0543,0.499,0.144,0.1019,4,TPL
MCK,McKesson Corporation,Healthcare,869.0,101317025792,0.13607210293543182,0.01995243083280115,0.07801226688411649,0.8603673885716492,8,0,True,False,0.42,0.1975540921919097,0.024336283185840708,8.05607024893257e-05,0.08433734939759036,0.0006709158000670916,0.005197505197505198,0.0009420631182289214,0.1474853491034741,0.2881134003029873,0.5644012505935387,0,0.00012103473397415635,0.6543662435697694,0.34551272169625635,0,0.25768807305187547,0.08865099036935331,0.6536609365787711,0,0.033585614869364566,0.6229717967242712,0.3434425884063642,0,0.07380319191872413,0.14563684396062002,-0.3811537942261734,-0.3529149185319477,0,0,0.1292,0.0543,0.499,0.1232,0.0467,7,MRNA
NEM,Newmont Corporation,Basic Materials,117.76,124082806784,0.1360479251598163,0.0625808885924859,0.0993144068761511,0.8766240747286087,8,0,True,True,0.3833734111989007,0.2071097372488408,0.041828503137137735,0.0005321979776476849,0.15752032520325204,0.08841843088418432,0.0226628895184136,0.006440532417346501,0.16482437744974807,0.23063608625437043,0.6045395362958814,0,0.013764359916873881,0.6327032351837697,0.35353240489935633,0,0.2637686549722009,0.08792481369120801,0.6483065313365911,0,0.09842316637774132,0.5291730025054984,0.37240383111676023,0,0.08929436868331098,0.1810959106749711,-0.3897416019143079,-0.32925927055170456,0,0,0.1292,0.0543,0.499,0.1299,0.0466,6,MOS
IBKR,"Interactive Brokers Group, Inc.",Financial Services,92.06,156853256192,0.13598206530567555,0.04690683697814548,0.09144445114191052,0.8774875989325868,8,0,True,False,0.3833734111989007,0.2071097372488408,0.041828503137137735,0.00030553009471432935,0.10530749789385004,0.019830028328611898,0.05093833780160858,0.0210896309314587,0.18695887893896335,0.1622706437434305,0.6507704773176063,0,0.01377306263032126,0.6326976521012596,0.3535292852684191,0,0.2577900850442008,0.05097053198113551,0.6912393829746637,0,0.13157176666970694,0.41106340418457704,0.45736482914571597,0,0.10036597078464231,0.19468092585695387,-0.40178391050837037,-0.379621180203236,0,0,0.1292,0.0543,0.499,0.094,0.0276,10,HOOD
DPZ,Domino's Pizza Inc,Consumer Cyclical,346.27,11455212544,0.1355459042158256,0.04432517723114978,0.0899355407234877,0.8643975003775453,8,0,True,False,0.4110012360939431,0.1975540921919097,0.028616852146263912,0.00030553009471432935,0.15752032520325204,0.01088646967340591,0.0226628895184136,0.006440532417346501,0.19402089774767833,0.1735692007119679,0.6324099015403538,0,0.0037169267754458934,0.6397265474933084,0.35655652573124585,0,0.25895332782059133,0.057984941401160964,0.6830617307782476,0,0.04008141474256363,0.44589228066052683,0.5140263045969097,0,0.09886891226156211,0.1495173712815775,-0.3956143013742377,-0.44902664640600115,0,0,0.1292,0.0543,0.499,0.137,0.0573,5,CVNA
IR,Ingersoll Rand Inc.,Industrials,83.34,32335869952,0.13534525387362897,0.06236969980184473,0.09885747683773685,0.8676428199880696,8,0,True,True,0.4110012360939431,0.1975540921919097,0.028129952456418382,8.05607024893257e-05,0.17482517482517482,0.04704301075268817,0.0443298969072165,0.006440532417346501,0.16656042121211823,0.25665269180003314,0.5767868869878486,0,0.014245105945389778,0.803962365535089,0.18179252851952118,0,0.2608151216578023,0.08714267061962679,0.6520422077225709,0,0.13589414357677812,0.5628384331419508,0.30126742328127104,0,0.090402763578754,0.1983546326172902,-0.2888869441749309,-0.27830018288463076,0,0,0.1292,0.0543,0.499,0.1201,0.0428,8,BLDR
GM,General Motors Company,Consumer Cyclical,86.77,78479253504,0.13428288986148781,0.041168619776922086,0.08772575481920494,0.8729958239886149,8,0,True,False,0.38640132669983424,0.1975540921919097,0.041828503137137735,8.05607024893257e-05,0.14052287581699346,0.008771929824561403,0.026378896882494004,0.006440532417346501,0.18449808710538032,0.20300280312823987,0.6124991097663798,0,0.005086801047070412,0.6707697282139861,0.3241434707389434,0,0.2585863344252216,0.06090415104498865,0.6805095145297897,0,0.10466034852582637,0.47680929002843697,0.41853036144573663,0,0.09479244407622536,0.181623341475524,-0.3735288461764362,-0.36789659651223916,0,0,0.1292,0.0543,0.499,0.137,0.0573,5,CVNA
TRGP,"Targa Resources, Inc.",Energy,275.79,59137933312,0.1337986778125563,0.0414154593791713,0.0876070685958638,0.8674403208847032,8,0,True,False,0.3833734111989007,0.22507708119218914,0.01909375890567113,8.05607024893257e-05,0.15752032520325204,0.002070393374741201,0.019553072625698324,0.006440532417346501,0.16656042121211823,0.25665269180003314,0.5767868869878486,0,0.0008983408725423143,0.5407088856551131,0.4583927734723446,0,0.260151615455767,0.12145788200496914,0.618390502539264,0,0.08142280800309311,0.5242057831250362,0.3943714088718708,0,0.08372938104233027,0.17078721172943004,-0.43386044918776634,-0.33559374397613734,0,0,0.1292,0.0543,0.499,0.144,0.1019,4,TPL
SWK,"Stanley Black & Decker, Inc.",Industrials,102.07,15414267904,0.13217595346973163,0.03409387304424277,0.0831349132569872,0.8730691308640895,8,0,True,False,0.3833734111989007,0.2071097372488408,0.028129952456418382,0.00030553009471432935,0.10530749789385004,0.01088646967340591,0.026378896882494004,0.006440532417346501,0.15804590652951436,0.2520590409559092,0.5898950525145765,0,0.0009649478614273981,0.650680555647235,0.34835449649133743,0,0.24687888867010055,0.08372941594762294,0.6693916953822766,0,0.09638572071629825,0.5181736506425157,0.38544062864118595,0,0.07950542719547088,0.1716323046931994,-0.3896193473074861,-0.3557838573185319,0,0,0.1292,0.0543,0.499,0.1201,0.0428,8,BLDR
FANG,"Diamondback Energy, Inc.",Energy,202.47,56957505536,0.13213985606956496,0.044597806044886786,0.08836883105722587,0.8711339363080071,8,0,True,False,0.3833734111989007,0.2071097372488408,0.028235294117647056,8.05607024893257e-05,0.15752032520325204,0.0078125,0.026378896882494004,0.006440532417346501,0.18760180480686278,0.22710730093335935,0.585290894259778,0,0.007145779952024846,0.6302282313449823,0.36262598870299284,0,0.26126364954806525,0.08708979356633455,0.6516465568856001,0,0.08112535574413964,0.4588662703708984,0.46000837388496196,0,0.09737379237944381,0.17119450264610245,-0.37658464910194156,-0.3846329627391786,0,0,0.1292,0.0543,0.499,0.144,0.1019,4,TPL
WSM,"Williams-Sonoma, Inc.",Consumer Cyclical,241.58,28445224960,0.13152809061857762,0.024182861807472696,0.07785547621302516,0.8629297565631671,8,0,True,True,0.4110012360939431,0.1975540921919097,0.01439162668992586,8.05607024893257e-05,0.09619047619047619,0.0078125,0.005197505197505198,0.0009420631182289214,0.14018493058038553,0.29839309471870745,0.561421974700907,0,0.0004966403101655176,0.7502816114286213,0.2492217482612132,0,0.2544066801993115,0.12290776203389037,0.6226855577667981,0,0.03537627052319887,0.5565219993577245,0.40810173011907674,0,0.07034078544527553,0.14489147536125518,-0.33498107603578464,-0.3705021685816823,0,0,0.1292,0.0543,0.499,0.137,0.0573,5,CVNA
GPC,Genuine Parts Company,Consumer Cyclical,135.03,18615203840,0.13074328822188128,0.04478580156911447,0.08776454489549787,0.8691923714140319,8,0,True,False,0.38640132669983424,0.1975540921919097,0.028616852146263912,0.0005321979776476849,0.17482517482517482,0.008771929824561403,0.01549053356282272,0.0034569453174104338,0.1538646633375003,0.21530033550908845,0.6308350011534113,0,0.0008631336608657179,0.4810921046589416,0.5180447616801928,0,0.25939977753661175,0.05795000789212047,0.6826502145712677,0,0.07893741698070333,0.508160522377055,0.4129020606422417,0,0.077363898499183,0.16916859725865754,-0.497075982917619,-0.3786075403480972,0,0,0.1292,0.0543,0.499,0.137,0.0573,5,CVNA
J,Jacobs Solutions Inc.,Industrials,144.66,17081580544,0.13051749845498845,0.05235914964578902,0.09143832405038874,0.8729544015496277,8,0,True,True,0.3833734111989007,0.1975540921919097,0.028129952456418382,0.00228310502283105,0.17142857142857143,0.04704301075268817,0.01549053356282272,0.0009420631182289214,0.138954221411197,0.2815333679706232,0.5795124106181798,0,0.014852165719373561,0.6822687612397274,0.302879073040899,0,0.26920961703769464,0.14984751331627777,0.5809428696460276,0,0.08252823129899729,0.639321542724926,0.2781502259760767,0,0.07690319356528529,0.17586892416834596,-0.36429254826425417,-0.2536776236427062,0,0,0.1292,0.0543,0.499,0.1201,0.0428,8,BLDR
NWS,News Corporation,Communication Services,33.17,17922990080,0.13003802976661294,0.041283313683553556,0.08566067172508325,0.8756883275484681,8,0,True,False,0.3833734111989007,0.1975540921919097,0.028235294117647056,0.0005321979776476849,0.10530749789385004,0.008771929824561403,0.05093833780160858,0.010356731875719217,0.15955920554332417,0.22816485792678667,0.6122759365298892,0,0.0009619238500459623,0.6914531185095114,0.3075849576404425,0,0.2749851585509596,0.0916637302335586,0.6333511112154818,0,0.08246993331830764,0.44989748039381716,0.46763258628787513,0,0.08026056469668506,0.17872754593463364,-0.3796698823884808,-0.37176430281704487,0,0,0.1292,0.0543,0.499,0.1555,0.0796,3,TTD
WMB,"Williams Companies, Inc. (The)",Energy,75.2,91982192640,0.12997216991247218,0.08525505966911115,0.10761361479079166,0.8639981789861217,8,0,True,True,0.3833734111989007,0.1975540921919097,0.028235294117647056,0.00030553009471432935,0.28125,0.04704301075268817,0.0443298969072165,0.006440532417346501,0.15503091237076716,0.31817216818978716,0.5267969194394458,0,0.017810976458566247,0.7867324473382464,0.19545657620318727,0,0.30490461442412486,0.232262498648052,0.4628328869278231,0,0.04218560920722983,0.675515805287288,0.28229858550548215,0,0.0864209444146667,0.17354511181567733,-0.27470580340664985,-0.1990206244009753,0,0,0.1292,0.0543,0.499,0.144,0.1019,4,TPL
NVDA,NVIDIA Corporation,Technology,225.16,5453600260096,0.12994590647741136,0.04643103167882396,0.08818846907811766,0.8783653447742932,8,0,True,False,0.35121951219512193,0.22507708119218914,0.028129952456418382,8.05607024893257e-05,0.15752032520325204,0.019830028328611898,0.0226628895184136,0.006440532417346501,0.1972591439724724,0.2726659747420959,0.5300748812854316,0,0.0017271919844416327,0.7511639207857074,0.24710888722985094,0,0.2927152307370009,0.08942211466795913,0.61786265459504,0,0.0506992338391465,0.5237602358590413,0.42554053030181216,0,0.09949316797845702,0.1717072322880737,-0.28909871627918426,-0.34999436016035235,0,0,0.1292,0.0543,0.499,0.2074,0.1051,1,SMCI
BA,Boeing Company (The),Industrials,231.67,182971236352,0.129942900966219,0.04479589725762922,0.08736939911192411,0.8723144192382706,8,0,True,False,0.3833734111989007,0.1975540921919097,0.028129952456418382,0.00030553009471432935,0.15752032520325204,0.01642710472279261,0.019553072625698324,0.006440532417346501,0.1642991418212448,0.24320982465376148,0.5924910335249937,0,0.000953217100735682,0.6568061859827032,0.3422405969165609,0,0.2615863183685034,0.08596232076257711,0.6524513608689195,0,0.08050209712124104,0.6039683403515294,0.31552956252722963,0,0.08262617946099024,0.17104420774487222,-0.384739635759787,-0.31294625395320236,0,0,0.1292,0.0543,0.499,0.1201,0.0428,8,BLDR
MAS,Masco Corporation,Industrials,74.33,14656942080,0.12987753461979915,0.071381577208379,0.10062955591408906,0.8773916162367728,8,0,True,True,0.3833734111989007,0.1975540921919097,0.028129952456418382,8.05607024893257e-05,0.17142857142857143,0.08841843088418432,0.0443298969072165,0.006440532417346501,0.16265276176754706,0.24077271025538607,0.5965745279770669,0,0.0008823791480968104,0.5838695319211673,0.4152480889307358,0,0.2615863183685034,0.08596232076257711,0.6524513608689195,0,0.14081879487049956,0.583235066469734,0.2759461386597664,0,0.08176757045782193,0.20120255661950148,-0.4241437379960794,-0.2629961931448415,0,0,0.1292,0.0543,0.499,0.1201,0.0428,8,BLDR
NVR,"NVR, Inc.",Consumer Cyclical,6307.93,16809750528,0.12987753461979915,0.05209275908719292,0.09098514685349604,0.8689056068274856,8,0,True,False,0.3833734111989007,0.1975540921919097,0.028129952456418382,8.05607024893257e-05,0.19754601226993865,0.01088646967340591,0.0226628895184136,0.0034569453174104338,0.17287309212150906,0.1867499511774067,0.6403769567010844,0,0.0004468991463774928,0.5841240199808896,0.41542908087273295,0,0.2585863344252216,0.06090415104498865,0.6805095145297897,0,0.04029874518843339,0.5102754165990572,0.4494258382125096,0,0.08665999563394328,0.1494425398068275,-0.44124302315296543,-0.4155251365643221,0,0,0.1292,0.0543,0.499,0.137,0.0573,5,CVNA
LDOS,"Leidos Holdings, Inc.",Technology,143.83,18091722752,0.1294787126675587,0.05392863990104708,0.09170367628430288,0.8849891215055375,8,0,True,False,0.33205226748654887,0.1975540921919097,0.05997552019583843,0.003211561621838619,0.19754601226993865,0.01088646967340591,0.026378896882494004,0.006440532417346501,0.19597578828228066,0.14401495487346838,0.660009256844251,0,0.005433046445737296,0.782355586537366,0.21221136701689663,0,0.2899289731783729,0.05730841145526403,0.6527626153663629,0,0.08246993331830764,0.44989748039381716,0.46763258628787513,0,0.10070441736400898,0.18619945324834028,-0.33540589456656483,-0.37399814757877875,0,0,0.1292,0.0543,0.499,0.2074,0.1051,1,SMCI
LVS,Las Vegas Sands Corp.,Consumer Cyclical,46.23,29943226368,0.12933625203086385,0.03253062104412563,0.08093343653749474,0.8821648609545709,8,0,True,False,0.33205226748654887,0.2387005649717514,0.028129952456418382,8.05607024893257e-05,0.10530749789385004,0.0078125,0.026378896882494004,0.0034569453174104338,0.1933349210698976,0.2274469566239311,0.5792181223061713,0,0.005101722331576869,0.6911619063493425,0.3037363713190806,0,0.2889726344621002,0.09632632448163904,0.6147010410562607,0,0.07791954552797742,0.5489621215323063,0.3731183329397163,0,0.09921832170073724,0.1834460899950388,-0.3422589251118887,-0.3104635970029497,0,0,0.1292,0.0543,0.499,0.137,0.0573,5,CVNA
DLR,"Digital Realty Trust, Inc.",Real Estate,200.15,75396743168,0.1279601526775823,0.029334885811980564,0.07864751924478143,0.8846307369408628,8,0,True,False,0.35121951219512193,0.1975540921919097,0.041828503137137735,0.00228310502283105,0.06437291897891233,0.002936857562408223,0.0443298969072165,0.010356731875719217,0.1735691676270105,0.16897083185100734,0.6574600005219821,0,0.007145779952024846,0.6302282313449823,0.36262598870299284,0,0.25939977753661175,0.05795000789212047,0.6826502145712677,0,0.09769707356624398,0.4614829822205497,0.44081994421320636,0,0.09035747378951767,0.17854842555142786,-0.4196855208229698,-0.3831866538408092,0,0,0.1292,0.0543,0.499,0.084,0.0224,11,CSGP
ODFL,"Old Dominion Freight Line, Inc.",Industrials,210.97,43746025472,0.12738555518881287,0.024567593088044428,0.07597657413842865,0.8835214917244256,8,0,True,False,0.35121951219512193,0.1975540921919097,0.041828503137137735,0.00030553009471432935,0.06437291897891233,0.0078125,0.026378896882494004,0.006440532417346501,0.1770748290860408,0.1948350101179558,0.6280901607960034,0,0.0288933890655954,0.6232531103402447,0.34785350059416,0,0.25258423278182895,0.06139719955764746,0.6860185676605236,0,0.09481174364239538,0.469576264548236,0.43561199180936866,0,0.1029841090758181,0.17369798821211216,-0.38498772161926365,-0.387117291522834,0,0,0.1292,0.0543,0.499,0.1201,0.0428,8,BLDR
HCA,"HCA Healthcare, Inc.",Healthcare,404.68,89774129152,0.12736684834159404,0.03987135609079585,0.08361910221619494,0.8700033204168185,8,0,True,False,0.3833734111989007,0.1975540921919097,0.01909375890567113,8.05607024893257e-05,0.15752032520325204,0.0078125,0.011882998171846435,0.0034569453174104338,0.15803895766735387,0.22114135806902355,0.6208196842636226,0,0.0039362601082242,0.7359624005900782,0.26010133930169754,0,0.2749851585509596,0.0916637302335586,0.6333511112154818,0,0.03947362923219734,0.6269130727853138,0.33361329798248884,0,0.08098760888778904,0.15722939389157847,-0.359472902894871,-0.32625281070740686,0,0,0.1292,0.0543,0.499,0.1232,0.0467,7,MRNA
SBAC,SBA Communications Corporation,Real Estate,185.2,19647518720,0.12651591139722554,0.03694683165626107,0.08173137152674331,0.8850285805509771,8,0,True,False,0.35121951219512193,0.1975540921919097,0.038461538461538464,0.0005321979776476849,0.09619047619047619,0.01088646967340591,0.0443298969072165,0.006440532417346501,0.1757543423739218,0.17109811516850798,0.6531475424575701,0,0.00043897768645694934,0.5410732164585071,0.45848780585503596,0,0.2992761407453991,0.05838371831500703,0.6423401409395939,0,0.09908962532629519,0.46806085518712487,0.43284951948657985,0,0.08809666003018937,0.19918288303584714,-0.46772101412611367,-0.33841194717723977,0,0,0.1292,0.0543,0.499,0.084,0.0224,11,CSGP
PNR,Pentair plc.,Industrials,66.16,10691822592,0.12641909912761293,0.09456460106910529,0.1104918500983591,0.8789270884170205,8,0,True,True,0.33205226748654887,0.22507708119218914,0.028616852146263912,0.0005321979776476849,0.2645161290322581,0.08841843088418432,0.05613577023498695,0.006440532417346501,0.18760180480686278,0.22710730093335935,0.585290894259778,0,0.01331219451771442,0.6672323430521943,0.3194554624300914,0,0.33896292052680316,0.08845521868066512,0.5725818607925317,0,0.10167916709168641,0.6057284380220804,0.29259239488623306,0,0.1004569996622886,0.22032104380924478,-0.3519161786826461,-0.2122660840301376,0,0,0.1292,0.0543,0.499,0.1201,0.0428,8,BLDR
EOG,"EOG Resources, Inc.",Energy,142.61,75958157312,0.1260603713647478,0.043449785026822015,0.0847550781957849,0.8705698871139794,8,0,True,False,0.3833734111989007,0.1975540921919097,0.01439162668992586,8.05607024893257e-05,0.15752032520325204,0.002936857562408223,0.026378896882494004,0.006440532417346501,0.16180619129172308,0.29339571844777745,0.5447980902604994,0,0.005137888475842187,0.7347492616944887,0.260112849829669,0,0.27346322816468116,0.12370780780832327,0.6028289640269955,0,0.04117112188168349,0.5213217253240066,0.4375071527943101,0,0.08347203988378263,0.15731717502318232,-0.3189834301613016,-0.36285088338747046,0,0,0.1292,0.0543,0.499,0.144,0.1019,4,TPL
SNPS,"Synopsys, Inc.",Technology,421.5,80708534272,0.12582529014618965,0.04455989377992501,0.08519259196305733,0.883184556561901,8,0,True,False,0.33205226748654887,0.2071097372488408,0.041828503137137735,0.00030553009471432935,0.17482517482517482,0.0078125,0.01549053356282272,0.0034569453174104338,0.2123339029921519,0.18732721551810633,0.6003388814897417,0,0.014111600233222924,0.6063545914052334,0.3795338083615437,0,0.34041640429749054,0.06366928391077237,0.595914311791737,0,0.08178903288106726,0.5265635647302962,0.39164740238863655,0,0.11322275161268741,0.2111027185892789,-0.3767135933129553,-0.2826781385009079,0,0,0.1292,0.0543,0.499,0.2074,0.1051,1,SMCI
TMO,Thermo Fisher Scientific Inc,Healthcare,588.29,217518620672,0.12460178317634885,0.010944019276920952,0.0677729012266349,0.8648687990939652,8,0,True,False,0.4110012360939431,0.16242464835900877,0.01909375890567113,0.0,0.04355203619909502,0.0,0.004898958971218616,0.0009420631182289214,0.14335583034116586,0.31616406176937195,0.5404801078894622,0,0.00011796206432737072,0.6377540593770294,0.36212797855864315,0,0.24970039839194685,0.08845298783114358,0.6618466137769096,0,0.023584229878521604,0.6244138443011971,0.3520019258202814,0,0.07173689620274662,0.13664231413523423,-0.3795671470213061,-0.37028195566336125,0,0,0.1292,0.0543,0.499,0.1232,0.0467,7,MRNA
MDT,Medtronic plc.,Healthcare,91.27,116829716480,0.12364619437212732,0.02223624486479302,0.07294121961846017,0.8737113636537587,8,0,True,False,0.3833734111989007,0.1706093189964158,0.028129952456418382,0.00030553009471432935,0.09619047619047619,0.0006709158000670916,0.005197505197505198,0.0,0.15326952203275976,0.32591878424699555,0.5208116937202448,0,0.014776449196958094,0.9079023104240427,0.07732124037899923,0,0.24349627016275463,0.2104996750171914,0.546004054820054,0,0.02256332356702594,0.6777198248997526,0.29971685153322136,0,0.08402298561485892,0.13302979686489028,-0.2150434814347631,-0.28983065631174737,0,0,0.1292,0.0543,0.499,0.1232,0.0467,7,MRNA
DLTR,"Dollar Tree, Inc.",Consumer Defensive,129.39,24865470464,0.12364530320700967,0.048563320206021235,0.08610431170651545,0.8822181312718157,8,0,True,True,0.35121951219512193,0.1975540921919097,0.028129952456418382,0.0005321979776476849,0.15752032520325204,0.04061895551257253,0.01549053356282272,0.0034569453174104338,0.11639880575730736,0.26408777897075014,0.6195134152719425,0,0.0070786682705259365,0.5725538978062265,0.42036743392324755,0,0.2669190434443211,0.11830787694343625,0.6147730796122426,0,0.09774703502317564,0.5823037357543305,0.31994922922249386,0,0.06173873701391665,0.18233303923374838,-0.4582016875836784,-0.28502811518361987,0,0,0.1292,0.0543,0.499,0.1024,0.0372,9,MNST
EQIX,"Equinix, Inc.",Real Estate,1102.1,108746063872,0.12361009697196065,0.011651599465557175,0.06763084821875892,0.8732446051592853,8,0,True,False,0.3833734111989007,0.1706093189964158,0.028235294117647056,8.05607024893257e-05,0.04355203619909502,0.0,0.004898958971218616,0.0034569453174104338,0.15304241055833853,0.21414977049054035,0.6328078189511211,0,0.0001244091120254801,0.6953191970106354,0.30455639387733907,0,0.2645408276801192,0.0623065969917118,0.673152575328169,0,0.035909947065809446,0.5371300439002956,0.42696000903389497,0,0.07658340983518201,0.15022538737296434,-0.39209869657904806,-0.3998309048080676,0,0,0.1292,0.0543,0.499,0.084,0.0224,11,CSGP
CMI,Cummins Inc.,Industrials,631.26,87106985984,0.12359223764267703,0.029728009760524282,0.07666012370160066,0.8884610694432036,8,0,True,False,0.33205226748654887,0.1975540921919097,0.041828503137137735,0.00030553009471432935,0.09619047619047619,0.0006709158000670916,0.026378896882494004,0.006440532417346501,0.17593158325453723,0.18646145278008766,0.6376069639653751,0,0.00045068871337670117,0.6255080081687108,0.37404130311791256,0,0.2585863344252216,0.06090415104498865,0.6805095145297897,0,0.1018461872279011,0.5475293461283307,0.35062446664376806,0,0.08819113598395696,0.18021626082656136,-0.41763299755768685,-0.3353507297602175,0,0,0.1292,0.0543,0.499,0.1201,0.0428,8,BLDR
ADI,"Analog Devices, Inc.",Technology,389.39,189666836480,0.12358082802570747,0.04192804477223447,0.08275443639897097,0.8735453433976251,8,0,True,False,0.3833734111989007,0.1706093189964158,0.028129952456418382,8.05607024893257e-05,0.15752032520325204,0.0078125,0.019553072625698324,0.0034569453174104338,0.17259282696756095,0.26594801636692217,0.5614591566655168,0,0.0016770400677270955,0.6718142652263901,0.32650869470588284,0,0.3208222880133792,0.09338745913871332,0.5857902528479074,0,0.07791954552797742,0.5489621215323063,0.3731183329397163,0,0.08713493351764402,0.1993709167706783,-0.35684899216805577,-0.28008337612313355,0,0,0.1292,0.0543,0.499,0.2074,0.1051,1,SMCI
CVX,Chevron Corporation,Energy,200.0,392320679936,0.12351407700644908,0.029129293335764212,0.07632168517110664,0.8816717083050231,8,0,True,False,0.35121951219512193,0.1975540921919097,0.028129952456418382,8.05607024893257e-05,0.10530749789385004,0.008771929824561403,0.01549053356282272,0.0009420631182289214,0.16719921610739288,0.3185093462149505,0.5142914376776566,0,0.0003671505084524022,0.8013838359831914,0.19824901350835628,0,0.23464301205793656,0.2691326341342278,0.49622435380783564,0,0.03179219376751152,0.617612141109223,0.3505956651232653,0,0.08378318330792264,0.13321760291272405,-0.2724870422850838,-0.2901924065528264,0,0,0.1292,0.0543,0.499,0.144,0.1019,4,TPL
ROK,"Rockwell Automation, Inc.",Industrials,449.37,49901940736,0.12351407700644908,0.03140957047149633,0.0774618237389727,0.8829876789142517,8,0,True,False,0.35121951219512193,0.1975540921919097,0.028129952456418382,8.05607024893257e-05,0.09619047619047619,0.0078125,0.026378896882494004,0.006440532417346501,0.18379204780962372,0.23175532344415278,0.5844526287462234,0,0.0009693673546509329,0.7094295066505565,0.28960112599479243,0,0.24710194263147495,0.0618475476465659,0.6910505097219592,0,0.08112535574413964,0.4588662703708984,0.46000837388496196,0,0.09238070758213733,0.1641136491878073,-0.3446461697883706,-0.4114157926156533,0,0,0.1292,0.0543,0.499,0.1201,0.0428,8,BLDR
AVY,Avery Dennison Corporation,Consumer Cyclical,178.93,13686423552,0.12311659760394482,0.02668312051740539,0.0748998590606751,0.87498841823506,8,0,True,False,0.3833734111989007,0.1706093189964158,0.026459143968871595,8.05607024893257e-05,0.09619047619047619,0.0078125,0.011882998171846435,0.0034569453174104338,0.14291742808573413,0.24556143389466856,0.6115211380195974,0,0.0039362601082242,0.7359624005900782,0.26010133930169754,0,0.26079156212427446,0.11929675722944355,0.619911680646282,0,0.04072296245237239,0.571344595342143,0.3879324422054845,0,0.07342684409697917,0.15075726228832342,-0.36238439456366833,-0.3531647991375598,0,0,0.1292,0.0543,0.499,0.137,0.0573,5,CVNA
JKHY,"Jack Henry & Associates, Inc.",Technology,153.31,10892795904,0.12311659760394482,0.04156249537122547,0.08233954648758515,0.873379726074598,8,0,True,False,0.3833734111989007,0.1706093189964158,0.026459143968871595,8.05607024893257e-05,0.15752032520325204,0.01088646967340591,0.01549053356282272,0.0034569453174104338,0.1718029530696321,0.2693074172863107,0.5588896296440572,0,0.007471829479878576,0.7591342511954098,0.23339391932471157,0,0.28040170330353853,0.12312929451750286,0.5964690021789586,0,0.0683687951000836,0.5140113618420303,0.417619843057886,0,0.08963739127475533,0.17438524920181106,-0.306504383209629,-0.3326591734166112,0,0,0.1292,0.0543,0.499,0.2074,0.1051,1,SMCI
HUBB,Hubbell Inc,Industrials,511.39,27022755840,0.1223529428793678,0.04018095817110423,0.08126695052523601,0.8727343272796892,8,0,True,False,0.38640132669983424,0.16279069767441862,0.028129952456418382,8.05607024893257e-05,0.15752032520325204,0.008771929824561403,0.012195121951219513,0.0034569453174104338,0.1467372351673637,0.2866519558187925,0.5666108090138439,0,0.0037076325226965243,0.6287141424533675,0.36757822502393606,0,0.26126364954806525,0.08708979356633455,0.6516465568856001,0,0.04980810030170015,0.5630816066616153,0.38711029303668454,0,0.0752224338450301,0.1555358749248827,-0.39187208317385985,-0.36384255003625965,0,0,0.1292,0.0543,0.499,0.1201,0.0428,8,BLDR
INCY,Incyte Corporation,Healthcare,120.16,24356161536,0.12227803879688838,0.03248133175917079,0.07737968527802959,0.8875983407722331,8,0,True,False,0.33205226748654887,0.2071097372488408,0.029296875,8.05607024893257e-05,0.095,0.008771929824561403,0.026378896882494004,0.010356731875719217,0.17164980298583388,0.19250469263024492,0.6358455043839212,0,0.00519776378482065,0.7433117945856768,0.2514904416295025,0,0.23238225832432124,0.06211383036474298,0.7055039113109357,0,0.04100529273825497,0.5016892012498843,0.4573055060118608,0,0.08842378338532726,0.13669377553128811,-0.3552441896213846,-0.4447109331301101,0,0,0.1292,0.0543,0.499,0.1232,0.0467,7,MRNA
MSI,"Motorola Solutions, Inc.",Technology,466.51,77204512768,0.12226740105196472,0.024136005473940667,0.0732017032629527,0.873983964077089,8,0,True,False,0.38640132669983424,0.16242464835900877,0.028129952456418382,8.05607024893257e-05,0.09619047619047619,0.0,0.011882998171846435,0.0009420631182289214,0.16938029561432252,0.29674028436347116,0.5338794200222063,0,0.008059895410826882,0.8714033453399241,0.12053675924924905,0,0.23164901464553675,0.21352833390411713,0.5548226514503461,0,0.03563705128139978,0.5606244733269017,0.4037384753916986,0,0.0887200955125747,0.13364303296346827,-0.23848799412315297,-0.3456375304575541,0,0,0.1292,0.0543,0.499,0.2074,0.1051,1,SMCI
EL,"Estee Lauder Companies, Inc. (T",Consumer Defensive,86.1,31150540800,0.12222032216016326,0.04479589725762922,0.08350810970889624,0.885053134228453,8,0,True,False,0.33205226748654887,0.2071097372488408,0.028616852146263912,0.0005321979776476849,0.15752032520325204,0.01642710472279261,0.019553072625698324,0.006440532417346501,0.17164980298583388,0.19250469263024492,0.6358455043839212,0,0.013191511076258511,0.606371221423777,0.3804372674999645,0,0.2615863183685034,0.08596232076257711,0.6524513608689195,0,0.08142280800309311,0.5242057831250362,0.3943714088718708,0,0.0924206570310462,0.17150456318579824,-0.4157207289108966,-0.3519068216845969,0,0,0.1292,0.0543,0.499,0.1024,0.0372,9,MNST
OMC,Omnicom Group Inc.,Communication Services,87.57,24957992960,0.12186880798841662,0.05075616723229376,0.08631248761035519,0.8811041030326128,8,0,True,False,0.3833734111989007,0.16242464835900877,0.028616852146263912,0.00030553009471432935,0.10530749789385004,0.008771929824561403,0.05093833780160858,0.0440251572327044,0.1503727974926652,0.1912454794394959,0.6583817230678389,0,0.000981762921308045,0.7057139019299912,0.29330433514870063,0,0.2585863344252216,0.06090415104498865,0.6805095145297897,0,0.09903835525588593,0.44593051103496556,0.45503113370914855,0,0.07567728020698662,0.17881234484055378,-0.4001657489012832,-0.38895797927891534,0,0,0.1292,0.0543,0.499,0.1555,0.0796,3,TTD
ADP,"Automatic Data Processing, Inc.",Technology,272.96,108436840448,0.12166938515324709,0.0282589266597159,0.07496415590648149,0.8732946975073467,8,0,True,False,0.38640132669983424,0.1706093189964158,0.01909375890567113,8.05607024893257e-05,0.10530749789385004,0.002070393374741201,0.01549053356282272,0.0034569453174104338,0.16984008438389395,0.3125957909737491,0.5175641246423569,0,0.00012451309163316338,0.671444299619153,0.3284311872892138,0,0.24640522518911545,0.08728571730579165,0.666309057505093,0,0.0371720823291504,0.5017625141970691,0.46106540347378044,0,0.08498229873776356,0.1417886537591329,-0.3380153572280218,-0.4218985767303038,0,0,0.1292,0.0543,0.499,0.2074,0.1051,1,SMCI
PHM,"PulteGroup, Inc.",Consumer Cyclical,130.18,24797511680,0.12107014174750237,0.028462944717146194,0.07476654323232429,0.8742589855753312,8,0,True,False,0.3833734111989007,0.1706093189964158,0.01909375890567113,8.05607024893257e-05,0.10530749789385004,0.002936857562408223,0.01549053356282272,0.0034569453174104338,0.15727623223776965,0.22490027486409989,0.6178234928981303,0,0.004921028571049269,0.6119312611749922,0.38314771025395855,0,0.25818265820197533,0.08484381223802302,0.6569735295600015,0,0.07791954552797742,0.5489621215323063,0.3731183329397163,0,0.08109863040440946,0.16805110186497638,-0.419386971171635,-0.3469948293848826,0,0,0.1292,0.0543,0.499,0.137,0.0573,5,CVNA
SPGI,S&P Global Inc.,Financial Services,418.8,123462238208,0.12106875707466383,0.029610965735210968,0.0753398614049374,0.8812260711290415,8,0,True,False,0.35121951219512193,0.1975540921919097,0.01909375890567113,0.00030553009471432935,0.10530749789385004,0.0078125,0.01549053356282272,0.0034569453174104338,0.1538646633375003,0.21530033550908845,0.6308350011534113,0,0.0016649400484902725,0.7052313005337014,0.2931037594178082,0,0.2581407967349398,0.06094075017452335,0.680918453090537,0,0.04030053122025184,0.5102537121096458,0.4494457566701024,0,0.07776480169299528,0.1492206639775958,-0.3842045785926145,-0.4159614409027239,0,0,0.1292,0.0543,0.499,0.094,0.0276,10,HOOD
DAL,"Delta Air Lines, Inc.",Industrials,89.35,58758619136,0.12100339072824397,0.03339976955442386,0.07720158014133391,0.8830537460512167,8,0,True,False,0.35121951219512193,0.1975540921919097,0.01909375890567113,8.05607024893257e-05,0.09619047619047619,0.019830028328611898,0.026378896882494004,0.0034569453174104338,0.14018493058038553,0.29839309471870745,0.561421974700907,0,0.013412602663816726,0.7128898694901213,0.2736975278460619,0,0.2413588345315876,0.17598217614990272,0.5826589893185097,0,0.04055076660493241,0.5775430968178077,0.3819061365772599,0,0.07679876662210113,0.14095480056826,-0.3407609846513834,-0.3413277623796248,0,0,0.1292,0.0543,0.499,0.1201,0.0428,8,BLDR
BR,"Broadridge Financial Solutions,",Technology,171.01,19778723840,0.12061573189721522,0.055233240386324677,0.08792448614176995,0.8963128684410699,8,0,True,False,0.27991886409736305,0.2071097372488408,0.05997552019583843,0.0005321979776476849,0.19754601226993865,0.01642710472279261,0.026378896882494004,0.006440532417346501,0.19620593580693246,0.1730986484254258,0.6306954157676417,0,0.001502427070904514,0.4671318133262005,0.5313657596028949,0,0.31086153602205213,0.04869543845167729,0.6404430255262705,0,0.09555814580092971,0.47327298738013807,0.43116886681893224,0,0.09885418143891848,0.2032098409114909,-0.4821764062463498,-0.3325961052611105,0,0,0.1292,0.0543,0.499,0.2074,0.1051,1,SMCI
NWSA,News Corporation,Communication Services,29.16,15756238848,0.12061409507792763,0.060716694771846734,0.09066539492488718,0.8787305456680343,8,0,True,False,0.3833734111989007,0.16242464835900877,0.024336283185840708,8.05607024893257e-05,0.15752032520325204,0.008771929824561403,0.05613577023498695,0.0345679012345679,0.13869016852842464,0.3058741796902967,0.5554356517812787,0,0.0010165311017056036,0.7521764597022973,0.24680700919599696,0,0.2826643480951177,0.09422351623254599,0.6231121356723361,0,0.07893741698070333,0.508160522377055,0.4129020606422417,0,0.06985334981506512,0.18080088253791052,-0.3312679806735727,-0.3372062156193784,0,0,0.1292,0.0543,0.499,0.1555,0.0796,3,TTD
DD,"DuPont de Nemours, Inc.",Basic Materials,146.26,19747938304,0.11969691375139772,0.04156249537122547,0.0806297045613116,0.8788864642296637,8,0,True,False,0.35121951219512193,0.1975540921919097,0.01439162668992586,8.05607024893257e-05,0.15752032520325204,0.01088646967340591,0.01549053356282272,0.0034569453174104338,0.138954221411197,0.2815333679706232,0.5795124106181798,0,0.0015460440820947742,0.581591909744114,0.41686204617379125,0,0.2552207962483102,0.08780218689327096,0.6569770168584188,0,0.03872376615598592,0.5111128366585679,0.4501633971854462,0,0.07025013274664589,0.14697228120214806,-0.4279370956493396,-0.40659792581978443,0,0,0.1292,0.0543,0.499,0.1299,0.0466,6,MOS
HWM,Howmet Aerospace Inc.,Industrials,289.18,115325386752,0.11924301319541795,0.012312071599890808,0.06577754239765438,0.8737594212571058,8,0,True,False,0.3833734111989007,0.16279069767441862,0.01909375890567113,8.05607024893257e-05,0.03536977491961415,0.0006709158000670916,0.01020408163265306,0.006440532417346501,0.138954221411197,0.2815333679706232,0.5795124106181798,0,0.0037169267754458934,0.6397265474933084,0.35655652573124585,0,0.19577949822133833,0.13760243357188684,0.6666180682067748,0,0.03430022600805009,0.5380268787341268,0.4276728952578232,0,0.07133557409332145,0.11503986211469422,-0.39669889408139136,-0.4321056196176048,0,0,0.1292,0.0543,0.499,0.1201,0.0428,8,BLDR
GPN,Global Payments Inc.,Industrials,93.05,24622741504,0.1191761782152337,0.08807733220015368,0.10362675520769368,0.8916066049143658,8,0,True,True,0.35121951219512193,0.16242464835900877,0.041828503137137735,0.00030553009471432935,0.19754601226993865,0.08841843088418432,0.05613577023498695,0.0345679012345679,0.1541314451353112,0.2095910854927623,0.6362774693719264,0,0.029155630160524835,0.6723628297377545,0.29848154010172057,0,0.24271363918927813,0.058365903704399556,0.6989204571063221,0,0.13245645676402024,0.45947012717590413,0.40807341606007563,0,0.09164353764791802,0.18758504797664918,-0.37573596708890544,-0.36591188860654966,0,0,0.1292,0.0543,0.499,0.1201,0.0428,8,BLDR
PAYX,"Paychex, Inc.",Technology,122.02,43400421376,0.11915747136801488,0.0519991593945263,0.08557831538127059,0.8764386273947573,8,0,True,True,0.3833734111989007,0.16242464835900877,0.01909375890567113,8.05607024893257e-05,0.15752032520325204,0.04704301075268817,0.0226628895184136,0.0034569453174104338,0.16938029561432252,0.29674028436347116,0.5338794200222063,0,0.0010165311017056036,0.7521764597022973,0.24680700919599696,0,0.26126364954806525,0.08708979356633455,0.6516465568856001,0,0.04030053122025184,0.5102537121096458,0.4494457566701024,0,0.08519841335801406,0.15078209038415855,-0.30514480125108756,-0.3997640663936927,0,0,0.1292,0.0543,0.499,0.2074,0.1051,1,SMCI
MTD,"Mettler-Toledo International, I",Healthcare,1419.02,28432279552,0.11845023779691337,0.01095017382106375,0.06470020580898855,0.8722362850388886,8,0,True,False,0.38640132669983424,0.16242464835900877,0.01439162668992586,8.05607024893257e-05,0.03536977491961415,0.0006709158000670916,0.011882998171846435,0.0,0.12285255655626692,0.3034051786388235,0.5737422648049094,0,0.00013768639349637913,0.840030081588616,0.15983223201788743,0,0.2749851585509596,0.0916637302335586,0.6333511112154818,0,0.02363028359873205,0.6727395448039317,0.30363017159733624,0,0.06149512147488165,0.14930772107484583,-0.30529212693651675,-0.3191829203315632,0,0,0.1292,0.0543,0.499,0.1232,0.0467,7,MRNA
COF,Capital One Financial Corporati,Financial Services,227.34,139473092608,0.11826238745542064,0.03546046256939979,0.07686142501241022,0.8851227555038393,8,0,True,True,0.35121951219512193,0.1706093189964158,0.028616852146263912,0.003211561621838619,0.12307692307692307,0.01642710472279261,0.01549053356282272,0.0034569453174104338,0.14291742808573413,0.24556143389466856,0.6115211380195974,0,0.011526959771768914,0.7764111977479703,0.21206184248026078,0,0.24941814890780506,0.11748086973504669,0.6331009813571482,0,0.03610172706743967,0.5679345230770713,0.39596374985548916,0,0.07722219392875151,0.14275993798762238,-0.33456929632117755,-0.37177242761869633,0,0,0.1292,0.0543,0.499,0.094,0.0276,10,HOOD
TTWO,"Take-Two Interactive Software, ",Communication Services,246.95,46174822400,0.11785099439116865,0.02253638383385276,0.07019368911251071,0.8743843558367452,8,0,True,False,0.3833734111989007,0.16242464835900877,0.01439162668992586,8.05607024893257e-05,0.08433734939759036,0.0006709158000670916,0.012195121951219513,0.0034569453174104338,0.15057779380296324,0.32019497966704075,0.529227226529996,0,0.0004801423369747585,0.6817529291924578,0.3177669284705674,0,0.2755697201932895,0.15437112728745808,0.5700591525192524,0,0.03634598665722724,0.5518838833248898,0.4117701300178829,0,0.075528968069969,0.15595785342525836,-0.34796810943031276,-0.3349567878433093,0,0,0.1292,0.0543,0.499,0.1555,0.0796,3,TTD
TXT,Textron Inc.,Industrials,89.0,15476118528,0.11785099439116865,0.0523224291973678,0.08508671179426823,0.8762520022977246,8,0,True,True,0.3833734111989007,0.16242464835900877,0.01439162668992586,8.05607024893257e-05,0.15752032520325204,0.04061895551257253,0.026378896882494004,0.006440532417346501,0.13242213360582064,0.32703886861326076,0.5405389977809184,0,0.0010069584846064427,0.7431812415228619,0.2558117999925317,0,0.2791883161924529,0.1269237921956046,0.5938878916119426,0,0.10194710742368612,0.6387435120808638,0.2593093804954501,0,0.06671454604521354,0.1905677118080695,-0.3314608528415115,-0.23603092424562683,0,0,0.1292,0.0543,0.499,0.1201,0.0428,8,BLDR
WYNN,"Wynn Resorts, Limited",Consumer Cyclical,102.53,10557913088,0.11785099439116865,0.029836873524400433,0.07384393395778455,0.8750500253630233,8,0,True,False,0.3833734111989007,0.16242464835900877,0.01439162668992586,8.05607024893257e-05,0.10530749789385004,0.008771929824561403,0.01549053356282272,0.0034569453174104338,0.1467372351673637,0.2866519558187925,0.5666108090138439,0,0.011641763006046493,0.723052753522826,0.2653054834711276,0,0.27872062612907444,0.1270061451842557,0.5942732286866699,0,0.03977049129108724,0.5510795747238968,0.4091499339850159,0,0.0791894990867051,0.15924555871008084,-0.33676864715578064,-0.3424660226257621,0,0,0.1292,0.0543,0.499,0.137,0.0573,5,CVNA
HON,Honeywell International Inc.,Industrials,233.96,74151280640,0.11782758694567279,0.029610965735210968,0.07371927634044188,0.8749679183028819,8,0,True,False,0.3833734111989007,0.16242464835900877,0.01439162668992586,0.0,0.10530749789385004,0.0078125,0.01549053356282272,0.0034569453174104338,0.14859472542375612,0.32771818094648153,0.5236870936297624,0,0.004018626606325732,0.7649768712763594,0.23100450211731494,0,0.2366597889850096,0.20458961707168535,0.558750593943305,0,0.03666327104501673,0.6259048538504046,0.3374318751045787,0,0.07630667601504093,0.13666153001501316,-0.30103912185849774,-0.3114297045089287,0,0,0.1292,0.0543,0.499,0.1201,0.0428,8,BLDR
VZ,Verizon Communications Inc.,Communication Services,48.48,201423503360,0.11728273675877723,0.049421830296215316,0.08335228352749627,0.8830828142523676,8,0,True,False,0.35121951219512193,0.1706093189964158,0.028129952456418382,0.00030553009471432935,0.17142857142857143,0.019830028328611898,0.0226628895184136,0.006440532417346501,0.17170793154621813,0.30503593838737625,0.5232561300664057,0,0.0040909074756316525,0.7873512393016281,0.20855785322274023,0,0.30490461442412486,0.232262498648052,0.4628328869278231,0,0.10194710742368612,0.6387435120808638,0.2593093804954501,0,0.08789941951092489,0.2034258609239055,-0.2780075721336481,-0.1576452727877311,0,0,0.1292,0.0543,0.499,0.1555,0.0796,3,TTD
KMB,Kimberly-Clark Corporation,Consumer Defensive,110.39,36642893824,0.11721007318210813,0.04866733514021363,0.08293870416116088,0.8887216877184104,8,0,True,True,0.33205226748654887,0.1975540921919097,0.01909375890567113,8.05607024893257e-05,0.14052287581699346,0.04061895551257253,0.026378896882494004,0.006440532417346501,0.16267910757672033,0.25067198170698873,0.586648910716291,0,0.003842327678960914,0.661309508876394,0.33484816344464535,0,0.25818265820197533,0.08484381223802302,0.6569735295600015,0,0.08381038101250703,0.5254043885542682,0.3907852304332247,0,0.08326071762784062,0.1709965196072412,-0.37748781945262755,-0.35288286038937194,0,0,0.1292,0.0543,0.499,0.1024,0.0372,9,MNST
FOX,Fox Corporation,Communication Services,61.41,25770715136,0.11629997490755946,0.0523224291973678,0.08431120205246363,0.8867937677445971,8,0,True,True,0.35121951219512193,0.16279069767441862,0.028129952456418382,0.003211561621838619,0.15752032520325204,0.04061895551257253,0.026378896882494004,0.006440532417346501,0.15227751707406675,0.31252133547495675,0.5352011474509765,0,0.005009184779464243,0.6605348787977389,0.3344559364227969,0,0.28996185020687826,0.24229646471213104,0.46774168508099073,0,0.038869463980755505,0.6487924962970585,0.312338039722186,0,0.0786433509267655,0.1644156570938169,-0.3561851910101212,-0.22562420530777147,0,0,0.1292,0.0543,0.499,0.1555,0.0796,3,TTD
CARR,Carrier Global Corporation,Industrials,62.78,52143837184,0.11530470003286993,0.05713589206444729,0.0862202960486586,0.8877314343602631,8,0,True,False,0.35121951219512193,0.16242464835900877,0.028129952456418382,8.05607024893257e-05,0.15752032520325204,0.04061895551257253,0.0443298969072165,0.006440532417346501,0.14343762002130345,0.28776045506902403,0.5688019249096724,0,0.00036007550141672337,0.7587935049285198,0.24084641957006342,0,0.2749851585509596,0.0916637302335586,0.6333511112154818,0,0.1364112628780445,0.5649802076850738,0.2986085294368817,0,0.07189884776136009,0.20569821071450206,-0.3329253244785078,-0.2602816096116797,0,0,0.1292,0.0543,0.499,0.1201,0.0428,8,BLDR
MLM,"Martin Marietta Materials, Inc.",Basic Materials,547.93,32911876096,0.11477205048057214,0.0282589266597159,0.07151548857014402,0.8835580856247951,8,0,True,False,0.35121951219512193,0.1706093189964158,0.01909375890567113,0.00030553009471432935,0.10530749789385004,0.002070393374741201,0.01549053356282272,0.0034569453174104338,0.18287012110029874,0.22564446273105532,0.5914854161686458,0,0.0004811739149522334,0.6955973154454679,0.3039215106395799,0,0.30686322703652225,0.09104494361219731,0.6020918293512806,0,0.050027985035701904,0.5655674081387265,0.3844046068255715,0,0.09167564750762548,0.17844560603611206,-0.35602781589648735,-0.31480261205231397,0,0,0.1292,0.0543,0.499,0.1299,0.0466,6,MOS
BF.B,Brown Forman Inc,Consumer Defensive,28.42,13040922624,0.11426980846384736,0.06321238387277936,0.08874109616831335,0.8746618291746447,8,0,True,False,0.3833734111989007,0.14150943396226412,0.01909375890567113,8.05607024893257e-05,0.19754601226993865,0.01642710472279261,0.05613577023498695,0.006440532417346501,0.1467372351673637,0.2866519558187925,0.5666108090138439,0,0.0009332533834163752,0.6344456483332394,0.36462109828334416,0,0.30068420409847374,0.09185657100943934,0.6074592248920868,0,0.13589414357677812,0.5628384331419508,0.30126742328127104,0,0.07383524427539004,0.21828917383762592,-0.391780709373204,-0.23607415024905298,0,0,0.1292,0.0543,0.499,0.1024,0.0372,9,MNST
KMI,"Kinder Morgan, Inc.",Energy,32.82,73018785792,0.11302518879087876,0.06321238387277936,0.08811878633182907,0.8874423425649859,8,0,True,False,0.33205226748654887,0.1706093189964158,0.026459143968871595,0.00030553009471432935,0.19754601226993865,0.01642710472279261,0.05613577023498695,0.006440532417346501,0.16659834394397532,0.32882764919238744,0.5045740068636372,0,0.0001350497235537709,0.7817936577867787,0.2180712924896674,0,0.2873255449135522,0.24319608884170898,0.46947836624473877,0,0.02365667498156833,0.6873354165571295,0.28900790846130214,0,0.08336669683376455,0.15549110994756027,-0.27795595284288777,-0.22375202740546019,0,0,0.1292,0.0543,0.499,0.144,0.1019,4,TPL
CLX,Clorox Company (The),Consumer Defensive,105.7,12782407680,0.1130113935695557,0.04767090800879138,0.08034115078917353,0.8942022410743061,8,0,True,True,0.31017369727047145,0.1975540921919097,0.01909375890567113,0.0005321979776476849,0.14052287581699346,0.04061895551257253,0.0226628895184136,0.006440532417346501,0.13657939815081224,0.22544051594772369,0.6379800859014642,0,0.0016006080967410727,0.6021178377231206,0.3962815541801384,0,0.2603212058732193,0.08955685236607516,0.6501219417607056,0,0.07791954552797742,0.5489621215323063,0.3731183329397163,0,0.06909000312377665,0.16912037570059835,-0.44804081691702463,-0.3424997616496126,0,0,0.1292,0.0543,0.499,0.1024,0.0372,9,MNST
CASY,"Caseys General Stores, Inc.",Consumer Cyclical,846.45,31322808320,0.1129633314870011,0.03737109738086315,0.07516721443393212,0.8730406789716303,8,0,True,True,0.3833734111989007,0.14150943396226412,0.01439162668992586,8.05607024893257e-05,0.15752032520325204,0.0078125,0.005197505197505198,0.0009420631182289214,0.12416582339262396,0.2959587330546594,0.5798754435527165,0,0.005292685378282046,0.7267576533027071,0.2679496613190108,0,0.22042485693094885,0.18634272676951355,0.5932324162995377,0,0.033371371031281856,0.5505371762674508,0.4160914527012675,0,0.064729254385453,0.12689811398111536,-0.35918329805041066,-0.37776382051928725,0,0,0.1292,0.0543,0.499,0.137,0.0573,5,CVNA
FERG,Ferguson Enterprises Inc.,Industrials,244.94,47384309760,0.11295982244445893,0.04083869705354023,0.07689925974899958,0.8873279439992651,8,0,True,False,0.33205226748654887,0.1706093189964158,0.026459143968871595,8.05607024893257e-05,0.15752032520325204,0.0078125,0.01549053356282272,0.0034569453174104338,0.16111912932557684,0.26140254485659936,0.5774783258178238,0,0.0009577443878862832,0.6458231324084402,0.3532191232036734,0,0.26756125787262797,0.1450420964327722,0.5873966456945998,0,0.03785599147979653,0.6012220412349658,0.36092196728523757,0,0.08103843685673157,0.15270862467621224,-0.38431028765401704,-0.32145068181370645,0,0,0.1292,0.0543,0.499,0.1201,0.0428,8,BLDR
ZBH,"Zimmer Biomet Holdings, Inc.",Healthcare,100.65,19197749248,0.11295982244445893,0.04005145548178081,0.07650563896311988,0.8894944957646232,8,0,True,True,0.33205226748654887,0.1706093189964158,0.026459143968871595,8.05607024893257e-05,0.14052287581699346,0.01642710472279261,0.01549053356282272,0.006440532417346501,0.13397805828155573,0.2714512275992746,0.5945707141191696,0,0.005551885819495591,0.818667818321594,0.17578029585891053,0,0.2749851585509596,0.0916637302335586,0.6333511112154818,0,0.08205157207849545,0.6680372901242364,0.24991113779726806,0,0.06976497205052566,0.17851836531472753,-0.3154105329385144,-0.2631127591916474,0,0,0.1292,0.0543,0.499,0.1232,0.0467,7,MRNA
ALLE,Allegion plc,Industrials,164.78,14012360704,0.11285938010108465,0.04366834981889965,0.07826386495999216,0.8832379401849823,8,0,True,True,0.35121951219512193,0.16242464835900877,0.01909375890567113,0.00030553009471432935,0.15752032520325204,0.019830028328611898,0.01549053356282272,0.0034569453174104338,0.12571767002197476,0.31048106120285823,0.563801268775167,0,0.0017271919844416327,0.7511639207857074,0.24710888722985094,0,0.22524123473901272,0.14699948902771215,0.6277592762332751,0,0.039723791817598206,0.5861585000990976,0.3741177080833041,0,0.0637224310032082,0.13248251327830546,-0.3417326469993008,-0.36845597887998416,0,0,0.1292,0.0543,0.499,0.1201,0.0428,8,BLDR
PCAR,PACCAR Inc.,Industrials,130.79,68843266048,0.11279401375466482,0.029610965735210968,0.0712024897449379,0.8847584413808306,8,0,True,False,0.35121951219512193,0.16242464835900877,0.01909375890567113,8.05607024893257e-05,0.10530749789385004,0.0078125,0.01549053356282272,0.0034569453174104338,0.12166007466186568,0.3004601427980051,0.5778797825401292,0,0.0010670348030033595,0.8162041782231584,0.1827287869738383,0,0.258377846614447,0.1500010761499121,0.5916210772356408,0,0.052216453017492934,0.6490819969156068,0.29870155006690036,0,0.061363554732434517,0.15529714981596998,-0.3189407300245492,-0.2898641638353006,0,0,0.1292,0.0543,0.499,0.1201,0.0428,8,BLDR
GIS,"General Mills, Inc.",Consumer Defensive,39.2,20957474816,0.11228258012164191,0.052240921677325705,0.08226175089948382,0.8969780762782767,8,0,True,False,0.29681361850720217,0.1975540921919097,0.026459143968871595,8.05607024893257e-05,0.15752032520325204,0.019830028328611898,0.0443298969072165,0.006440532417346501,0.15314160546388678,0.2189878831143984,0.6278705114217147,0,0.0017076384219450757,0.7426599844528912,0.25563237712516385,0,0.26126364954806525,0.08708979356633455,0.6516465568856001,0,0.07893741698070333,0.508160522377055,0.4129020606422417,0,0.07742462194291592,0.1701005332643843,-0.3643268223305233,-0.36217377549953667,0,0,0.1292,0.0543,0.499,0.1024,0.0372,9,MNST
BG,Bunge Limited,Consumer Defensive,113.69,21842022400,0.1115113824867341,0.03337007472655753,0.07244072860664581,0.8919276444479648,8,0,True,False,0.33205226748654887,0.16242464835900877,0.028129952456418382,8.05607024893257e-05,0.10530749789385004,0.0078125,0.026378896882494004,0.006440532417346501,0.18287012110029874,0.22564446273105532,0.5914854161686458,0,0.0001180084165425931,0.5941145565491804,0.40576743503427687,0,0.2645408276801192,0.0623065969917118,0.673152575328169,0,0.09638572071629825,0.5181736506425157,0.38544062864118595,0,0.09149406475842066,0.18046327419820873,-0.40713236084304066,-0.3488333277864687,0,0,0.1292,0.0543,0.499,0.1024,0.0372,9,MNST
LHX,"L3Harris Technologies, Inc.",Industrials,291.82,54341152768,0.1115113824867341,0.044597806044886786,0.07805459426581045,0.8892685913150833,8,0,True,False,0.33205226748654887,0.16242464835900877,0.028129952456418382,8.05607024893257e-05,0.15752032520325204,0.0078125,0.026378896882494004,0.006440532417346501,0.15803895766735387,0.22114135806902355,0.6208196842636226,0,0.0008926409444349973,0.5906597538315225,0.40844760522404255,0,0.25818265820197533,0.08484381223802302,0.6569735295600015,0,0.0827230907993105,0.5325770955151622,0.38469981368552725,0,0.07946579930589444,0.17045287450064292,-0.43516784543793813,-0.3503837971221215,0,0,0.1292,0.0543,0.499,0.1201,0.0428,8,BLDR
UPS,"United Parcel Service, Inc.",Industrials,104.5,88906670080,0.1115113824867341,0.040255244196606636,0.07588331334167037,0.8939928430730486,8,0,True,True,0.33205226748654887,0.16242464835900877,0.028129952456418382,8.05607024893257e-05,0.10530749789385004,0.04061895551257253,0.026378896882494004,0.0034569453174104338,0.1467372351673637,0.2866519558187925,0.5666108090138439,0,0.005529755563087093,0.8133121008231718,0.1811581436137411,0,0.2816218656682923,0.15776147263755153,0.5606166616941564,0,0.10112400718127007,0.6115427517617317,0.2873332410569983,0,0.0761334953652254,0.19137293642478118,-0.2977509809485671,-0.23260201495079616,0,0,0.1292,0.0543,0.499,0.1201,0.0428,8,BLDR
UNH,UnitedHealth Group Incorporated,Healthcare,401.73,360590770176,0.11142159099203319,0.015908791804302116,0.06366519139816765,0.8832278902686468,8,0,True,False,0.35121951219512193,0.16242464835900877,0.014154281670205236,8.05607024893257e-05,0.06437291897891233,0.002070393374741201,0.004898958971218616,0.0009420631182289214,0.12472413269302313,0.34059989923470846,0.5346759680722682,0,0.0005323592259048484,0.8454929723585389,0.15397466841555615,0,0.25248169497248396,0.18211214693393452,0.5654061580935816,0,0.030982047276302743,0.6273563627388037,0.34166158998489354,0,0.062628245959464,0.14173187112439334,-0.2816970722844482,-0.3118020029148442,0,0,0.1292,0.0543,0.499,0.1232,0.0467,7,MRNA
MSCI,MSCI Inc.,Financial Services,569.13,41375752192,0.11104715206497145,0.02625448387285832,0.06865081796891488,0.8896587335975372,8,0,True,False,0.33205226748654887,0.16242464835900877,0.026459143968871595,8.05607024893257e-05,0.10530749789385004,0.0006709158000670916,0.011882998171846435,0.0009420631182289214,0.15646436842369849,0.24953672964180545,0.593998901934496,0,0.005032520689514696,0.6636120626500901,0.3313554166603951,0,0.2581407967349398,0.06094075017452335,0.680918453090537,0,0.04029874518843339,0.5102754165990572,0.4494258382125096,0,0.0807484445566066,0.1492197709616866,-0.38192871474083895,-0.4159523746898367,0,0,0.1292,0.0543,0.499,0.094,0.0276,10,HOOD
EXE,Expand Energy Corporation,Energy,94.78,22674110464,0.10960688961117021,0.10805998717613864,0.10883343839365442,0.866874591033516,8,0,True,True,0.33205226748654887,0.1706093189964158,0.01439162668992586,8.05607024893257e-05,0.341995841995842,0.08841843088418432,0.0443298969072165,0.006440532417346501,0.1616185737134229,0.2930555201294105,0.5453259061571666,0,0.0017663707190873203,0.7682029368261805,0.2300306924547323,0,0.3141229035809105,0.15526333661316283,0.5306137598059267,0,0.09684056123156674,0.5697677718293369,0.33339166693909633,0,0.0816924722162551,0.20548173240623863,-0.30598582708969435,-0.2265209809662729,0,0,0.1292,0.0543,0.499,0.144,0.1019,4,TPL
PPG,"PPG Industries, Inc.",Basic Materials,114.11,25366652928,0.10960688961117021,0.03142411177159045,0.07051550069138032,0.8897001676477942,8,0,True,False,0.33205226748654887,0.1706093189964158,0.01439162668992586,8.05607024893257e-05,0.10530749789385004,0.01088646967340591,0.019553072625698324,0.0034569453174104338,0.1467372351673637,0.2866519558187925,0.5666108090138439,0,0.0004801423369747585,0.6817529291924578,0.3177669284705674,0,0.2842144958165656,0.12920877957204233,0.5865767246113921,0,0.08223001328452861,0.5954678225966988,0.32230216411877255,0,0.07360868875216924,0.1832222545505471,-0.36858017999003645,-0.27121718981453524,0,0,0.1292,0.0543,0.499,0.1299,0.0466,6,MOS
IFF,International Flavors & Fragran,Basic Materials,84.18,21491445760,0.10954094382538483,0.02425948418791013,0.06690021400664747,0.8891426073545172,8,0,True,False,0.33205226748654887,0.1706093189964158,0.014154281670205236,8.05607024893257e-05,0.08433734939759036,0.0006709158000670916,0.01549053356282272,0.006440532417346501,0.138954221411197,0.2815333679706232,0.5795124106181798,0,0.0005090525109054712,0.7440405659396383,0.2554503815494563,0,0.2669190434443211,0.11830787694343625,0.6147730796122426,0,0.08042137154265376,0.5665880933910399,0.35299053506630634,0,0.06973163696105124,0.17367020749348744,-0.34774975912276684,-0.31021159984578706,0,0,0.1292,0.0543,0.499,0.1299,0.0466,6,MOS
COR,"Cencora, Inc.",Healthcare,313.82,59885383680,0.10940406808199137,0.02048597052570842,0.0649450193038499,0.8753871400722628,8,0,True,False,0.38640132669983424,0.1237144134744373,0.01439162668992586,8.05607024893257e-05,0.08433734939759036,0.002936857562408223,0.005197505197505198,0.0009420631182289214,0.13201226213847977,0.3470037221097487,0.5209840157517716,0,0.0039362601082242,0.7359624005900782,0.26010133930169754,0,0.24205858596061694,0.18355208197628414,0.574389332063099,0,0.022434342095799094,0.6602728814489883,0.3172927764552124,0,0.06797426112335199,0.13224646402820803,-0.3225684164033826,-0.3135945902309477,0,0,0.1292,0.0543,0.499,0.1232,0.0467,7,MRNA
IBM,International Business Machines,Technology,234.32,220760932352,0.109403233033183,0.04083869705354023,0.07512096504336162,0.8976569283331337,8,0,True,False,0.27991886409736305,0.1975540921919097,0.028129952456418382,8.05607024893257e-05,0.15752032520325204,0.0078125,0.01549053356282272,0.0034569453174104338,0.19206713401003148,0.2325129464928708,0.5754199194970977,0,0.00046945993042340936,0.6665850062738217,0.3329455337957549,0,0.31085383761478363,0.06393421142730804,0.6252119509579083,0,0.08178903288106726,0.5265635647302962,0.39164740238863655,0,0.09626829697022744,0.19632143524792545,-0.35791442967619885,-0.312108241425347,0,0,0.1292,0.0543,0.499,0.2074,0.1051,1,SMCI
CBRE,CBRE Group Inc,Real Estate,152.86,44264480768,0.109000696208529,0.018243276714100358,0.06362198646131467,0.8897990573027575,8,0,True,False,0.33205226748654887,0.16242464835900877,0.01909375890567113,8.05607024893257e-05,0.06437291897891233,0.0006709158000670916,0.012195121951219513,0.0034569453174104338,0.15955920554332417,0.22816485792678667,0.6122759365298892,0,0.00011505433055831743,0.6152273424470669,0.3846576032223747,0,0.2826643480951177,0.09422351623254599,0.6231121356723361,0,0.0828673612921733,0.6217137746556745,0.29541886405215223,0,0.07983712993694124,0.1827658546936455,-0.4186296399391907,-0.2764996451685987,0,0,0.1292,0.0543,0.499,0.084,0.0224,11,CSGP
DHI,"D.R. Horton, Inc.",Consumer Cyclical,148.81,41622347776,0.109000696208529,0.04156249537122547,0.07528159578987723,0.8877714176675542,8,0,True,False,0.33205226748654887,0.16242464835900877,0.01909375890567113,8.05607024893257e-05,0.15752032520325204,0.01088646967340591,0.01549053356282272,0.0034569453174104338,0.1616185737134229,0.2930555201294105,0.5453259061571666,0,0.0004468991463774928,0.5841240199808896,0.41542908087273295,0,0.2836571635290544,0.15298601213933583,0.5633568243316098,0,0.04101280443914589,0.5682936794302043,0.3906935161306499,0,0.08103273642990019,0.16233498398410015,-0.3993447570850496,-0.3146901862470297,0,0,0.1292,0.0543,0.499,0.137,0.0573,5,CVNA
XOM,ExxonMobil Holdings Corporation,Energy,160.1,658317115392,0.109000696208529,0.04215395256142393,0.07557732438497647,0.887905747690902,8,0,True,False,0.33205226748654887,0.16242464835900877,0.01909375890567113,8.05607024893257e-05,0.15752032520325204,0.008771929824561403,0.019553072625698324,0.0034569453174104338,0.12649983366936346,0.34920747812289216,0.5242926882077443,0,0.0042229184852389376,0.8402000802994406,0.15557700121532042,0,0.2542040447097121,0.2788650421484771,0.46693091314181084,0,0.03453905208312476,0.6677814686955781,0.2976794792212972,0,0.06536137607730119,0.14437154839641841,-0.27457346863423115,-0.23793364778513562,0,0,0.1292,0.0543,0.499,0.144,0.1019,4,TPL
MO,"Altria Group, Inc.",Consumer Defensive,65.7,109702168576,0.10769421923168275,0.03160208846060503,0.0696481538461439,0.8913386071906212,8,0,True,False,0.33205226748654887,0.16242464835900877,0.01439162668992586,8.05607024893257e-05,0.09619047619047619,0.01642710472279261,0.0226628895184136,0.0034569453174104338,0.1539518134405112,0.3049624846863502,0.5410857018731386,0,0.00031647224061683704,0.6007459244433513,0.39893760331603206,0,0.2732956265402047,0.12424487451346357,0.6024594989463318,0,0.050880868994006595,0.6125434420380902,0.3365756889679033,0,0.07713414284056402,0.16208824776710562,-0.39287750975402136,-0.3074293461900119,0,0,0.1292,0.0543,0.499,0.1024,0.0372,9,MNST
ADM,Archer-Daniels-Midland Company,Consumer Defensive,80.45,38773399552,0.10769421923168275,0.01842080020904598,0.06305750972036436,0.8898223724358298,8,0,True,False,0.33205226748654887,0.16242464835900877,0.01439162668992586,8.05607024893257e-05,0.05860805860805861,0.002936857562408223,0.01549053356282272,0.0034569453174104338,0.15227751707406675,0.31252133547495675,0.5352011474509765,0,0.0001181554335670505,0.6371602479469332,0.36272159661949976,0,0.24642336527320477,0.11999445872695529,0.6335821759998399,0,0.08223001328452861,0.5954678225966988,0.32230216411877255,0,0.0761978362538169,0.16432668927886668,-0.3727635357814212,-0.31361548078043955,0,0,0.1292,0.0543,0.499,0.1024,0.0372,9,MNST
XYL,Xylem Inc.,Industrials,119.68,27943702528,0.10769421923168275,0.03550868184500546,0.0716014505383441,0.887824602991992,8,0,True,False,0.33205226748654887,0.16242464835900877,0.01439162668992586,8.05607024893257e-05,0.14052287581699346,0.0078125,0.011882998171846435,0.0009420631182289214,0.14597094288968118,0.32193156074974116,0.5320974963605777,0,0.0017271919844416327,0.7511639207857074,0.24710888722985094,0,0.2773411726924966,0.14567471770568696,0.5769841096018166,0,0.03594158555740634,0.613584446075165,0.35047396836742867,0,0.0738490674370614,0.15664137912495146,-0.3157541243581529,-0.3070876598596711,0,0,0.1292,0.0543,0.499,0.1201,0.0428,8,BLDR
GWW,"W.W. Grainger, Inc.",Industrials,1322.64,62445961216,0.10764360660366011,0.043088062497376664,0.07536583455051839,0.8732760962856878,8,0,True,False,0.3833734111989007,0.1237144134744373,0.01029654036243822,0.0,0.17142857142857143,0.008771929824561403,0.011882998171846435,0.0034569453174104338,0.12065766860264043,0.34444690827289465,0.534895423124465,0,0.0003671505084524022,0.8013838359831914,0.19824901350835628,0,0.2531380576541595,0.18258557379816825,0.5642763685476724,0,0.039999615798727906,0.6676565078908382,0.2923438763104339,0,0.06051240955554642,0.1465688367264437,-0.30605980876086425,-0.2817412857026095,0,0,0.1292,0.0543,0.499,0.1201,0.0428,8,BLDR
STE,STERIS plc (Ireland),Healthcare,233.28,22744825856,0.10762827344589736,0.023034840789407922,0.06533155711765264,0.8887521152496236,8,0,True,False,0.33205226748654887,0.16242464835900877,0.014154281670205236,8.05607024893257e-05,0.09619047619047619,0.002936857562408223,0.005197505197505198,0.0009420631182289214,0.13242213360582064,0.32703886861326076,0.5405389977809184,0,0.0005265571322366823,0.7956108410956838,0.20386260177207954,0,0.25596613254103134,0.20657276102389072,0.5374611064350779,0,0.03509317168732476,0.7048279267054514,0.26007890160722397,0,0.06647434536902866,0.14552965211417807,-0.3057264544074703,-0.2532403519069729,0,0,0.1292,0.0543,0.499,0.1232,0.0467,7,MRNA
VMC,Vulcan Materials Company (Holdi,Basic Materials,282.0,36541202432,0.10712012004794214,0.02650244046208499,0.06681128025501357,0.8896120342987281,8,0,True,False,0.33205226748654887,0.16242464835900877,0.012325390304026294,8.05607024893257e-05,0.09619047619047619,0.002936857562408223,0.01549053356282272,0.0034569453174104338,0.14335583034116586,0.31616406176937195,0.5404801078894622,0,0.0001322067287758123,0.7653357545194388,0.23453203875178538,0,0.2846358331733966,0.19072931904553236,0.5246348477810712,0,0.03825097907123271,0.6384690102677676,0.32328001066099965,0,0.07174401853497084,0.16144340612231464,-0.315762054785653,-0.26251402309872074,0,0,0.1292,0.0543,0.499,0.1299,0.0466,6,MOS
WY,Weyerhaeuser Company,Real Estate,24.56,17701275648,0.10675842663341409,0.018159582422981442,0.06245900452819776,0.8892411821804814,8,0,True,False,0.33205226748654887,0.16242464835900877,0.011023622047244094,8.05607024893257e-05,0.06437291897891233,0.0006709158000670916,0.011882998171846435,0.0034569453174104338,0.12285255655626692,0.3034051786388235,0.5737422648049094,0,0.000133088969316137,0.8092721487276964,0.1905947623029875,0,0.26234173929611465,0.18681006814626056,0.5508481925576248,0,0.039865067832101926,0.7186117296607466,0.24152320250715148,0,0.06149282276279153,0.15110340356410829,-0.32067569079115693,-0.24508229396827988,0,0,0.1292,0.0543,0.499,0.084,0.0224,11,CSGP
TEL,TE Connectivity plc,Technology,216.23,62693871616,0.10645010394931288,0.043485723548717874,0.07496791374901537,0.8975830991648461,8,0,True,False,0.29681361850720217,0.1706093189964158,0.028129952456418382,8.05607024893257e-05,0.15752032520325204,0.01088646967340591,0.0226628895184136,0.0034569453174104338,0.18881114248946126,0.22212500203410931,0.5890638554764294,0,0.0004774993762911241,0.6979219207455124,0.30160057987819666,0,0.3180130000064231,0.09125858608397266,0.5907284139096043,0,0.08178903288106726,0.5265635647302962,0.39164740238863655,0,0.0946443209328762,0.19990101644374517,-0.3506878967444368,-0.29128689170537525,0,0,0.1292,0.0543,0.499,0.2074,0.1051,1,SMCI
HAS,"Hasbro, Inc.",Consumer Cyclical,96.7,13638999040,0.10625853031794794,0.0568258388257718,0.08154218457185987,0.8878376048429498,8,0,True,True,0.35121951219512193,0.1237144134744373,0.028129952456418382,8.05607024893257e-05,0.17142857142857143,0.04704301075268817,0.026378896882494004,0.006440532417346501,0.14624298345432016,0.25561932533252457,0.5981376912131553,0,0.0004468991463774928,0.5841240199808896,0.41542908087273295,0,0.2749851585509596,0.0916637302335586,0.6333511112154818,0,0.106910146939205,0.5748033266578335,0.3182865264029615,0,0.07334494130034883,0.1909476527450823,-0.4334384447425953,-0.28487116606413937,0,0,0.1292,0.0543,0.499,0.137,0.0573,5,CVNA
WAB,Westinghouse Air Brake Technolo,Industrials,299.02,50507718656,0.10602577468991044,0.008204737036221337,0.057115255863065886,0.88395126742254,8,0,True,False,0.35121951219512193,0.14150943396226412,0.012325390304026294,8.05607024893257e-05,0.027522935779816515,0.0,0.004898958971218616,0.0034569453174104338,0.13001279992433087,0.32108861135753863,0.5488985887181305,0,0.0001350497235537709,0.7817936577867787,0.2180712924896674,0,0.19645365726247407,0.17564831481644352,0.6278980279210823,0,0.037352187103737514,0.587606142194215,0.3750416707020474,0,0.06507392482394232,0.1169029221831058,-0.31841101577995656,-0.3845669271284591,0,0,0.1292,0.0543,0.499,0.1201,0.0428,8,BLDR
AAPL,Apple Inc.,Technology,305.93,4464797286400,0.10521103801227179,0.029858206425365064,0.06753462221881842,0.8951846883546479,8,0,True,False,0.31017369727047145,0.1706093189964158,0.014154281670205236,8.05607024893257e-05,0.10530749789385004,0.0006709158000670916,0.019553072625698324,0.006440532417346501,0.15326952203275976,0.32591878424699555,0.5208116937202448,0,0.0005132122176773039,0.7754471056775778,0.22403968210474506,0,0.2846358331733966,0.19072931904553236,0.5246348477810712,0,0.050027985035701904,0.5655674081387265,0.3844046068255715,0,0.07689136712521853,0.16733190910454923,-0.29553432078727637,-0.2871878181987721,0,0,0.1292,0.0543,0.499,0.2074,0.1051,1,SMCI
C,"Citigroup, Inc.",Financial Services,139.33,233717268480,0.10467079039541595,0.011809573609413631,0.05824018200241479,0.8952100762991724,8,0,True,False,0.31017369727047145,0.16242464835900877,0.01909375890567113,8.05607024893257e-05,0.04355203619909502,0.0006709158000670916,0.004898958971218616,0.0034569453174104338,0.12571767002197476,0.31048106120285823,0.563801268775167,0,0.014102796142765705,0.7638674718160834,0.2220297320411509,0,0.19854208234348267,0.14847946462308773,0.6529784530334296,0,0.03397640556535202,0.608270638059993,0.35775295637465504,0,0.06991023308237024,0.11625924395441735,-0.3230052673257887,-0.38910646074962496,0,0,0.1292,0.0543,0.499,0.094,0.0276,10,HOOD
AMCR,Amcor plc,Consumer Cyclical,46.03,21281771520,0.1032983676327843,0.029129293335764212,0.06621383048427426,0.8959820267203217,8,0,True,False,0.31017369727047145,0.16242464835900877,0.014154281670205236,8.05607024893257e-05,0.10530749789385004,0.008771929824561403,0.01549053356282272,0.0009420631182289214,0.12699673810982742,0.34196383334847036,0.5310394285417022,0,0.005610222490367957,0.8272700044298746,0.16711977307975748,0,0.2550439090822214,0.18109846101807273,0.5638576298997059,0,0.034791164395679905,0.6498337261294781,0.315375109474842,0,0.0663034803000977,0.14491753673895066,-0.2827761205106321,-0.2946988329483233,0,0,0.1292,0.0543,0.499,0.137,0.0573,5,CVNA
ORLY,"O'Reilly Automotive, Inc.",Consumer Cyclical,91.05,73655877632,0.1032983676327843,0.03356259271566622,0.06843048017422526,0.8973346655213286,8,0,True,False,0.31017369727047145,0.16242464835900877,0.014154281670205236,8.05607024893257e-05,0.10530749789385004,0.01642710472279261,0.0226628895184136,0.0034569453174104338,0.13001279992433087,0.32108861135753863,0.5488985887181305,0,0.0010184969950363188,0.7516971879473574,0.2472843150576062,0,0.2842003922896346,0.15327899399365114,0.5625206137167144,0,0.050880868994006595,0.6125434420380902,0.3365756889679033,0,0.06551564845968359,0.16754063064182062,-0.3325758034281847,-0.2820075207004882,0,0,0.1292,0.0543,0.499,0.137,0.0573,5,CVNA
RVTY,"Revvity, Inc.",Healthcare,116.84,13037754368,0.10310652643909132,0.022737285497824007,0.06292190596845766,0.9056086173912147,8,0,True,False,0.27991886409736305,0.1706093189964158,0.028129952456418382,8.05607024893257e-05,0.06437291897891233,0.0078125,0.019553072625698324,0.006440532417346501,0.1366804899851561,0.23484509591123193,0.628474414103612,0,0.0016099384384298046,0.6277414103418107,0.3706486512197593,0,0.23238225832432124,0.06211383036474298,0.7055039113109357,0,0.08112535574413964,0.4588662703708984,0.46000837388496196,0,0.06914521421179295,0.15675380703423045,-0.4304163184498927,-0.42600233556371836,0,0,0.1292,0.0543,0.499,0.1232,0.0467,7,MRNA
LOW,"Lowe's Companies, Inc.",Consumer Cyclical,218.47,122561667072,0.10249388716672089,0.03916377590215962,0.07082883153444025,0.89221998585406,8,0,True,False,0.31017369727047145,0.16242464835900877,0.011023622047244094,0.00030553009471432935,0.15752032520325204,0.0078125,0.011882998171846435,0.0009420631182289214,0.15631292035439553,0.28343502312197416,0.5602520565236302,0,0.00034241805785615323,0.6980162419970701,0.30164133994507386,0,0.2820430127436898,0.1282215861605961,0.5897354010957141,0,0.032889715585323005,0.5888159136261724,0.3782943707885047,0,0.07832766920612584,0.1574663641645064,-0.35261902902822617,-0.32654852177760296,0,0,0.1292,0.0543,0.499,0.137,0.0573,5,CVNA
T,AT&T Inc.,Communication Services,24.89,170555883520,0.10222608608627905,0.06127221087885634,0.0817491484825677,0.903108663284422,8,0,True,False,0.2871500358937546,0.16242464835900877,0.026459143968871595,0.00030553009471432935,0.17482517482517482,0.008771929824561403,0.0443298969072165,0.0345679012345679,0.17204591962724408,0.3166556971799556,0.5112983831928003,0,0.0001322067287758123,0.7653357545194388,0.23453203875178538,0,0.3307814457944512,0.16525625622846782,0.503962297977081,0,0.10426418070769439,0.6305328057843788,0.2652030135079268,0,0.08608906317800995,0.21752281325107278,-0.2868261477942829,-0.16705984249143113,0,0,0.1292,0.0543,0.499,0.1555,0.0796,3,TTD
EQT,EQT Corporation,Energy,54.42,34040582144,0.10202693426290421,0.10193457075567026,0.10198075250928723,0.8744274663532691,8,0,True,True,0.2871500358937546,0.1706093189964158,0.01909375890567113,8.05607024893257e-05,0.341995841995842,0.054878048780487805,0.05093833780160858,0.006440532417346501,0.15227751707406675,0.31252133547495675,0.5352011474509765,0,0.007674449387722679,0.7797203355583812,0.21260521505389618,0,0.28961335506621433,0.1860715814407689,0.5243150634930168,0,0.09845618202997453,0.5792733823991554,0.32227043557087004,0,0.07997598323089472,0.19403476854809443,-0.2939271980215416,-0.229257980983849,0,0,0.1292,0.0543,0.499,0.144,0.1019,4,TPL
MS,Morgan Stanley,Financial Services,217.36,341689925632,0.10202674729162031,0.011809573609413631,0.05691816045051697,0.8990458892217247,8,0,True,False,0.29681361850720217,0.16242464835900877,0.01909375890567113,8.05607024893257e-05,0.04355203619909502,0.0006709158000670916,0.004898958971218616,0.0034569453174104338,0.12416582339262396,0.2959587330546594,0.5798754435527165,0,0.0038119549294452176,0.6685925447551465,0.3275955003154084,0,0.20475143549328922,0.1360673316940507,0.6591812328126601,0,0.03402305661186518,0.5417599390073994,0.4242170043807355,0,0.06398888916103458,0.1193872460525772,-0.38974658277302787,-0.4223118725441206,0,0,0.1292,0.0543,0.499,0.094,0.0276,10,HOOD
PCG,Pacific Gas & Electric Co.,Utilities,17.84,39290228736,0.10202674729162031,0.06174143491005399,0.08188409110083715,0.9015115337105413,8,0,True,True,0.29681361850720217,0.16242464835900877,0.01909375890567113,8.05607024893257e-05,0.15752032520325204,0.08841843088418432,0.0226628895184136,0.0034569453174104338,0.1692233669503971,0.18978345255269438,0.6409931804969085,0,0.00013206801008043637,0.7547255266757071,0.24514240531421239,0,0.2828830405917038,0.1286034772134665,0.5885134821948297,0,0.14973778323817738,0.6648458110621644,0.18541640569965825,0,0.08467771748023878,0.2163104119149406,-0.35839007542532164,-0.17065453203230335,0,0,0.1292,0.0543,0.499,0.058,0.0155,12,NRG
AMT,American Tower Corporation (REI,Real Estate,175.58,81813266432,0.1018473562837507,0.02278221117821082,0.06231478373098076,0.8911985295116007,8,0,True,False,0.33205226748654887,0.14150943396226412,0.011023622047244094,0.0,0.08433734939759036,0.002070393374741201,0.011882998171846435,0.0034569453174104338,0.14337680154449098,0.28008733117326867,0.5765358672822404,0,0.0,0.6106382763664614,0.3893617236335387,0,0.2791883161924529,0.1269237921956046,0.5938878916119426,0,0.038869463980755505,0.6487924962970585,0.312338039722186,0,0.07168840077224549,0.1590288900866042,-0.41126039468564407,-0.29408407558046007,0,0,0.1292,0.0543,0.499,0.084,0.0224,11,CSGP
VRTX,Vertex Pharmaceuticals Incorpor,Healthcare,505.75,128106471424,0.10150557446462793,0.0059058674443309275,0.05370572095447943,0.8846064559104708,8,0,True,False,0.35121951219512193,0.1237144134744373,0.011023622047244094,8.05607024893257e-05,0.025559105431309903,0.0,0.0015278838808250573,0.0,0.1096647981109434,0.3790118187942003,0.5113233830948563,0,0.0005265245393063411,0.8521620314196902,0.14731144404100346,0,0.22858046047388536,0.22740363041119804,0.5440159091149166,0,0.007465400546131804,0.67479488031919,0.31773971913467836,0,0.05509566132512487,0.11802293051000859,-0.274221752242805,-0.31285488361478886,0,0,0.1292,0.0543,0.499,0.1232,0.0467,7,MRNA
TDY,Teledyne Technologies Incorpora,Technology,679.67,31488522240,0.10148216701913208,0.025103346436685048,0.06329275672790857,0.8862634464015168,8,0,True,False,0.35121951219512193,0.1237144134744373,0.011023622047244094,0.0,0.09619047619047619,0.0,0.01549053356282272,0.0009420631182289214,0.13480379024754816,0.35434145444255727,0.5108547553098945,0,0.00013663247547356162,0.850637069946321,0.14922629757820519,0,0.2393559016034592,0.22667215627017612,0.5339719421263647,0,0.035571489402204996,0.6072662706006562,0.35716223999713886,0,0.06747021136151087,0.1374636955028321,-0.262570315082539,-0.30810339555891963,0,0,0.1292,0.0543,0.499,0.2074,0.1051,1,SMCI
WST,"West Pharmaceutical Services, I",Healthcare,349.42,24590698496,0.10147172262167498,0.016616371992938337,0.059044047307306655,0.8979360625471304,8,0,True,False,0.29681361850720217,0.1706093189964158,0.01029654036243822,0.0,0.06437291897891233,0.002070393374741201,0.004898958971218616,0.0034569453174104338,0.12471707031664296,0.3080099108999901,0.5672730187833668,0,0.00012103473397415635,0.6543662435697694,0.34551272169625635,0,0.22308907625438962,0.08998632889785975,0.6869245948477507,0,0.02163987599800018,0.5829760673237151,0.39538405667828475,0,0.062419052525308556,0.1223644761261949,-0.393973817714503,-0.41878984963682286,0,0,0.1292,0.0543,0.499,0.1232,0.0467,7,MRNA
IVZ,Invesco Ltd,Financial Services,32.55,14370824192,0.10072962563784119,0.031153573095059908,0.06594159936645055,0.906739631143529,8,0,True,False,0.27991886409736305,0.16242464835900877,0.026459143968871595,8.05607024893257e-05,0.095,0.0078125,0.026378896882494004,0.006440532417346501,0.12903534945374653,0.2299467226182669,0.6410179279279865,0,0.00768459086175275,0.7794292449037393,0.21288616423450787,0,0.2104690765673082,0.08876334152080861,0.7007675819118832,0,0.09561162582392302,0.4516321380932808,0.45275623608279625,0,0.06835997015774964,0.1530403511956156,-0.35859207592349757,-0.4237215578017241,0,0,0.1292,0.0543,0.499,0.094,0.0276,10,HOOD
TAP,Molson Coors Beverage Company,Consumer Defensive,42.77,7974635008,0.10072027031477405,0.0523224291973678,0.07652134975607093,0.900114273975555,8,0,True,True,0.29681361850720217,0.16242464835900877,0.01439162668992586,8.05607024893257e-05,0.15752032520325204,0.04061895551257253,0.026378896882494004,0.006440532417346501,0.14231329029526768,0.24875058202358769,0.6089361276811447,0,0.00047267733216604723,0.6347381317658348,0.36478919090199924,0,0.2686784280436147,0.08956144061572133,0.6417601313406639,0,0.07791954552797742,0.5489621215323063,0.3731183329397163,0,0.07139298381371686,0.17329898678579606,-0.41546967547785507,-0.334140245354394,0,0,0.1292,0.0543,0.499,0.1024,0.0372,9,MNST
SYF,Synchrony Financial,Financial Services,81.0,26355038208,0.10072027031477405,0.024134250253705893,0.06242726028423998,0.9001313488872812,8,0,True,False,0.29681361850720217,0.16242464835900877,0.01439162668992586,8.05607024893257e-05,0.08433734939759036,0.0078125,0.011882998171846435,0.0034569453174104338,0.1254579263448475,0.28863229028118587,0.5859097833739665,0,0.004233282513510441,0.8147532676259602,0.18101344986052934,0,0.2375333816055127,0.1415919324011001,0.6208746859933872,0,0.03817038971753569,0.587106706289426,0.3747229039930385,0,0.06484560442917897,0.1378518856615242,-0.3186160121880689,-0.35994690933168866,0,0,0.1292,0.0543,0.499,0.094,0.0276,10,HOOD
BEN,"Franklin Resources, Inc.",Financial Services,33.86,17203484672,0.1001998057108198,0.02357116595662218,0.061885485833720985,0.9042069600282276,8,0,True,False,0.2871500358937546,0.16279069767441862,0.01909375890567113,8.05607024893257e-05,0.06437291897891233,0.0078125,0.0226628895184136,0.006440532417346501,0.15228833195127683,0.24287659037373188,0.6048350776749912,0,0.0005090525109054712,0.7440405659396383,0.2554503815494563,0,0.23393131988795776,0.0674164933343409,0.6986521867777012,0,0.07757341453811237,0.4825589269344372,0.4398676585274503,0,0.07639869223109115,0.15575236721303506,-0.3537440373811326,-0.4135075554395407,0,0,0.1292,0.0543,0.499,0.094,0.0276,10,HOOD
EMR,Emerson Electric Company,Industrials,163.17,91391508480,0.10001989284002685,0.025101591216450274,0.06256074202823857,0.8937036699099331,8,0,True,False,0.33205226748654887,0.1237144134744373,0.01909375890567113,0.00030553009471432935,0.08433734939759036,0.0078125,0.01549053356282272,0.0034569453174104338,0.12294783687291434,0.29305556906475005,0.5839965940623356,0,0.007567533429745602,0.7827891435153821,0.20964332305487227,0,0.20856794638411788,0.11996386248227865,0.6714681911336036,0,0.051737973667576556,0.6228619341809292,0.32540009215149424,0,0.06525768515132997,0.13015296002584723,-0.33156227340727396,-0.36828118161670165,0,0,0.1292,0.0543,0.499,0.1201,0.0428,8,BLDR
PG,Procter & Gamble Company (The),Consumer Defensive,144.55,336598990848,0.09995452649360702,0.02489044199610892,0.06242248424485797,0.8926907733500256,8,0,True,True,0.33205226748654887,0.1237144134744373,0.01909375890567113,8.05607024893257e-05,0.09619047619047619,0.0078125,0.005197505197505198,0.0034569453174104338,0.14859472542375612,0.32771818094648153,0.5236870936297624,0,0.0017628865703599203,0.7686601542347035,0.22957695919493665,0,0.2694643977179665,0.21813305924641874,0.5124025430356148,0,0.037158487956465085,0.6850774478541444,0.27776406418939054,0,0.07517880599705802,0.1533114428372158,-0.3014532204152915,-0.2417718607752869,0,0,0.1292,0.0543,0.499,0.1024,0.0372,9,MNST
DE,Deere & Company,Industrials,608.85,164454825984,0.09864804951676075,0.025989427641150694,0.06231873857895572,0.8917354673207304,8,0,True,False,0.33205226748654887,0.1237144134744373,0.01439162668992586,8.05607024893257e-05,0.10530749789385004,0.0006709158000670916,0.011882998171846435,0.0,0.13242213360582064,0.32703886861326076,0.5405389977809184,0,0.0001350497235537709,0.7817936577867787,0.2180712924896674,0,0.26288125920834227,0.21555388528969296,0.5215648555019647,0,0.038542489755541406,0.6864845033005385,0.27497300694392024,0,0.0662785916646872,0.15071187448194184,-0.3130265534706057,-0.24755705674100065,0,0,0.1292,0.0543,0.499,0.1201,0.0428,8,BLDR
GILD,"Gilead Sciences, Inc.",Healthcare,138.36,171560206336,0.09864804951676075,0.02668312051740539,0.06266558501708307,0.8928861276269336,8,0,True,False,0.33205226748654887,0.1237144134744373,0.01439162668992586,8.05607024893257e-05,0.09619047619047619,0.0078125,0.011882998171846435,0.0034569453174104338,0.14335583034116586,0.31616406176937195,0.5404801078894622,0,0.0010607003705373932,0.8403870725014412,0.15855222712802144,0,0.2756418731533261,0.17750740802012313,0.5468507188265507,0,0.03768087076042236,0.7216707470487851,0.24064838219079265,0,0.07220826535585163,0.15666137195687424,-0.2773079021528902,-0.23708817855179742,0,0,0.1292,0.0543,0.499,0.1232,0.0467,7,MRNA
HD,"Home Depot, Inc. (The)",Consumer Cyclical,338.86,337882939392,0.09864804951676075,0.022689731013476676,0.06066889026511871,0.891698474681353,8,0,True,False,0.33205226748654887,0.1237144134744373,0.01439162668992586,8.05607024893257e-05,0.09619047619047619,0.002936857562408223,0.004898958971218616,0.0,0.144953433551556,0.30854317542176124,0.5465033910266829,0,0.007535402538559892,0.733873920284152,0.25859067717728823,0,0.2511722313848759,0.17370576008882863,0.5751220085262956,0,0.010413257321223841,0.6129397383384508,0.3766470043403254,0,0.07624441804505794,0.13079274435304986,-0.3263026160569276,-0.3450917620802606,0,0,0.1292,0.0543,0.499,0.137,0.0573,5,CVNA
PGR,Progressive Corporation (The),Financial Services,209.6,121855524864,0.09864804951676075,0.02040591698148481,0.05952698324912278,0.8920379633342158,8,0,True,False,0.33205226748654887,0.1237144134744373,0.01439162668992586,8.05607024893257e-05,0.08433734939759036,0.002936857562408223,0.004898958971218616,0.0009420631182289214,0.12644682543976513,0.38846229913712793,0.4850908754231071,0,0.004233282513510441,0.8147532676259602,0.18101344986052934,0,0.23111605170128152,0.22992616732950363,0.5389577809692148,0,0.03165584738519395,0.6192520783083729,0.349092074306433,0,0.06534005397663778,0.13138594954323773,-0.26771210866518047,-0.3126389780945862,0,0,0.1292,0.0543,0.499,0.094,0.0276,10,HOOD
CME,CME Group Inc.,Financial Services,269.8,97014480896,0.09864747007739522,0.023926864431036275,0.06128716725421575,0.8922112236329284,8,0,True,True,0.33205226748654887,0.1237144134744373,0.014154281670205236,0.00030553009471432935,0.095,0.0078125,0.005197505197505198,0.0009420631182289214,0.12065766860264043,0.34444690827289465,0.534895423124465,0,0.0018524420923986503,0.8349794792403372,0.1631680786672642,0,0.21758558490846958,0.209701864601234,0.5727125504902965,0,0.033429476831837314,0.6145764270403571,0.3519940961278058,0,0.061255055347519544,0.12550753087015346,-0.28777669554834506,-0.3368457924388977,0,0,0.1292,0.0543,0.499,0.094,0.0276,10,HOOD
AOS,A.O. Smith Corporation,Industrials,62.17,8449436160,0.09862969428077407,0.04831240297996338,0.07347104863036873,0.8992860354422256,8,0,True,False,0.28581791802684076,0.16279069767441862,0.01439162668992586,8.05607024893257e-05,0.17142857142857143,0.01088646967340591,0.026378896882494004,0.006440532417346501,0.15021244033498332,0.23905336280162273,0.610734196863394,0,0.000953217100735682,0.6568061859827032,0.3422405969165609,0,0.2826643480951177,0.09422351623254599,0.6231121356723361,0,0.08159332622853951,0.5820442553111279,0.3363624184603325,0,0.0755828287178595,0.1821288371618286,-0.40090456817211795,-0.2976084399045057,0,0,0.1292,0.0543,0.499,0.1201,0.0428,8,BLDR
CAH,"Cardinal Health, Inc.",Healthcare,235.17,54694834176,0.0986246420712649,0.007822784346030042,0.053223713208647466,0.8910475521936141,8,0,True,True,0.33205226748654887,0.1237144134744373,0.01439162668992586,0.0,0.03536977491961415,0.0006709158000670916,0.00021992522542335605,0.0,0.1003581835933945,0.4106092838346165,0.489032532571989,0,0.014262015731658067,0.8234775534034103,0.16226043086493155,0,0.22477973841818552,0.20635979753054143,0.568860464051273,0,0.006389103346157443,0.6893152869165694,0.30429560973727315,0,0.05731009966252629,0.11558442088217148,-0.268336382055934,-0.3209936160121016,0,0,0.1292,0.0543,0.499,0.1232,0.0467,7,MRNA
SHW,Sherwin-Williams Company (The),Basic Materials,359.1,87174447104,0.09829905406924971,0.02266110436576894,0.06048007921750933,0.9024026997967635,8,0,True,False,0.2871500358937546,0.16242464835900877,0.012325390304026294,0.00030553009471432935,0.08080808080808081,0.0006709158000670916,0.01549053356282272,0.0034569453174104338,0.12709324893983878,0.30293647566041587,0.5699702753997453,0,0.00012206481752977274,0.659935321839447,0.3399426133430231,0,0.24308460139210117,0.1487850984361924,0.6081303001717066,0,0.03610172706743967,0.5679345230770713,0.39596374985548916,0,0.06360765687868428,0.13959316422977042,-0.39134878749269997,-0.3624538607838274,0,0,0.1292,0.0543,0.499,0.1299,0.0466,6,MOS
BIIB,Biogen Inc.,Healthcare,209.83,31003222016,0.09807395033302016,0.011809573609413631,0.0549417619712169,0.8917460726056148,8,0,True,False,0.33205226748654887,0.1237144134744373,0.012325390304026294,8.05607024893257e-05,0.04355203619909502,0.0006709158000670916,0.004898958971218616,0.0034569453174104338,0.1226206182512035,0.3348555673924827,0.5425238143563138,0,0.0003617222163367223,0.7794075153712426,0.2202307624124207,0,0.2423095002352986,0.1842647858500729,0.5734257139146285,0,0.034507858432974804,0.7073192636619265,0.2581728779050988,0,0.06149117023377011,0.1384086793341367,-0.31988611815059714,-0.27739061657572694,0,0,0.1292,0.0543,0.499,0.1232,0.0467,7,MRNA
JCI,Johnson Controls International ,Industrials,153.64,93066117120,0.09807395033302016,0.01401182731041069,0.056042888821715424,0.8923128797225742,8,0,True,False,0.33205226748654887,0.1237144134744373,0.012325390304026294,8.05607024893257e-05,0.04355203619909502,0.002070393374741201,0.011882998171846435,0.0034569453174104338,0.10671717637804674,0.32784828179287245,0.5654345418290809,0,0.005310958465195567,0.7607869913879644,0.23390205014684,0,0.21000451619031613,0.1780383640487444,0.6119571197609396,0,0.035571489402204996,0.6072662706006562,0.35716223999713886,0,0.056014067421621155,0.12278800279626056,-0.3436542285663393,-0.3617716770827787,0,0,0.1292,0.0543,0.499,0.1201,0.0428,8,BLDR
HLT,Hilton Worldwide Holdings Inc.,Consumer Cyclical,327.21,73643491328,0.09771225691849211,0.014261686699605182,0.055986971809048644,0.8917058289851851,8,0,True,False,0.33205226748654887,0.1237144134744373,0.011023622047244094,8.05607024893257e-05,0.05860805860805861,0.0,0.005197505197505198,0.0009420631182289214,0.10607607681629735,0.39644906837940913,0.4974748548042935,0,0.0016793966323535468,0.6818826183134704,0.316437985054176,0,0.22974371879944863,0.3169036731991398,0.4533526080014116,0,0.023516443902058703,0.7063480783859007,0.2701354777120404,0,0.05387773672432545,0.12663008135075365,-0.3530786832049093,-0.2351139615059723,0,0,0.1292,0.0543,0.499,0.137,0.0573,5,CVNA
DOV,Dover Corporation,Industrials,207.07,27888234496,0.09751023888967007,0.027774446727383058,0.06264234280852657,0.89199456898968,8,0,True,False,0.33205226748654887,0.1237144134744373,0.01029654036243822,8.05607024893257e-05,0.10530749789385004,0.002936857562408223,0.012922896131611336,0.0034569453174104338,0.13201226213847977,0.3470037221097487,0.5209840157517716,0,0.00013730924471400178,0.8349343155999931,0.16492837515529274,0,0.28147154367561944,0.22128429563676355,0.49724416068761684,0,0.039370829103537126,0.7395775529208974,0.22105161797556544,0,0.06607478569159689,0.16042118638957828,-0.27688140976193526,-0.19872670294201286,0,0,0.1292,0.0543,0.499,0.1201,0.0428,8,BLDR
ELV,"Elevance Health, Inc.",Healthcare,400.32,86817120256,0.09748683144417421,0.013170615646250326,0.05532872354521227,0.8913672113380104,8,0,True,False,0.33205226748654887,0.1237144134744373,0.01029654036243822,0.0,0.05860805860805861,0.0006709158000670916,0.0015278838808250573,0.0,0.1096647981109434,0.3790118187942003,0.5113233830948563,0,0.0005090525109054712,0.7440405659396383,0.2554503815494563,0,0.23939647547071494,0.22666006524626828,0.5339434592830169,0,0.02256332356702594,0.6777198248997526,0.29971685153322136,0,0.055086925310924434,0.13097989951887043,-0.3282999570112318,-0.28585025588924867,0,0,0.1292,0.0543,0.499,0.1232,0.0467,7,MRNA
SJM,The J.M. Smucker Company,Consumer Defensive,121.39,12974246912,0.09720445073387261,0.01512724103209786,0.05616584588298524,0.9016238214113133,8,0,True,False,0.29681361850720217,0.14150943396226412,0.01909375890567113,0.00030553009471432935,0.05860805860805861,0.0006709158000670916,0.005197505197505198,0.0034569453174104338,0.11482292603825106,0.26051239370607354,0.6246646802556752,0,0.0009616689929680398,0.6537631886123799,0.34527514239465207,0,0.2115910057397476,0.14061256025924976,0.6477964340010026,0,0.036150124916768264,0.5340342133460012,0.4298156617372306,0,0.05789229751560955,0.12387056532825794,-0.4270776138095541,-0.41493548254085866,0,0,0.1292,0.0543,0.499,0.1024,0.0372,9,MNST
GE,GE Aerospace,Industrials,368.38,382217289728,0.09659500507385013,0.011431515056254385,0.054013260065052256,0.8913295125635903,8,0,True,False,0.33205226748654887,0.1237144134744373,0.007002528690916164,8.05607024893257e-05,0.04355203619909502,0.002070393374741201,0.004898958971218616,0.0009420631182289214,0.1096647981109434,0.3790118187942003,0.5113233830948563,0,0.0005323592259048484,0.8454929723585389,0.15397466841555615,0,0.2075896069699987,0.21159712834007588,0.5808132646899253,0,0.030982047276302743,0.6273563627388037,0.34166158998489354,0,0.055098578668424124,0.11928582712315072,-0.27755044708678206,-0.3419516002142587,0,0,0.1292,0.0543,0.499,0.1201,0.0428,8,BLDR
CTVA,"Corteva, Inc.",Basic Materials,76.68,51160592384,0.09562462068049395,0.03409387304424277,0.06485924686236835,0.9009348983138195,8,0,True,False,0.31017369727047145,0.1237144134744373,0.01909375890567113,8.05607024893257e-05,0.10530749789385004,0.01088646967340591,0.026378896882494004,0.006440532417346501,0.15132476905928313,0.2997585837775103,0.5489166471632067,0,0.00013206801008043637,0.7547255266757071,0.24514240531421239,0,0.2749851585509596,0.0916637302335586,0.6333511112154818,0,0.09845618202997453,0.5792733823991554,0.32227043557087004,0,0.07572841853468179,0.18672067029046707,-0.3213011077040277,-0.2910901031027089,0,0,0.1292,0.0543,0.499,0.1299,0.0466,6,MOS
TKO,"TKO Group Holdings, Inc.",Communication Services,201.28,38096207872,0.09562462068049395,0.02625448387285832,0.060939552276676134,0.8986152487074576,8,0,True,False,0.31017369727047145,0.1237144134744373,0.01909375890567113,8.05607024893257e-05,0.10530749789385004,0.0006709158000670916,0.011882998171846435,0.0009420631182289214,0.12649983366936346,0.34920747812289216,0.5242926882077443,0,0.00012913599399261457,0.6981651673364989,0.3017056966695084,0,0.2895988229604616,0.2565586399150195,0.45384253712451883,0,0.033585614869364566,0.6229717967242712,0.3434425884063642,0,0.06331448483167804,0.16159221891491307,-0.34968470760694836,-0.23705034385052845,0,0,0.1292,0.0543,0.499,0.1555,0.0796,3,TTD
CI,The Cigna Group,Healthcare,282.56,74663788544,0.09372063707441124,0.02250130109650065,0.058110969085455946,0.8979943092049205,8,0,True,False,0.31017369727047145,0.1237144134744373,0.012325390304026294,0.0,0.09619047619047619,0.0006709158000670916,0.005197505197505198,0.0009420631182289214,0.13001279992433087,0.32108861135753863,0.5488985887181305,0,0.00013078537246123928,0.7571076195559048,0.24276159507163383,0,0.28262976675616364,0.15795837399395915,0.5594118592498774,0,0.03699637143940179,0.6589464207575868,0.30405720780301143,0,0.06507179264839606,0.1598130690977827,-0.3307582992464861,-0.2719214644286617,0,0,0.1292,0.0543,0.499,0.1232,0.0467,7,MRNA
WAT,Waters Corporation,Healthcare,412.17,40469266432,0.09331514599350038,0.018159582422981442,0.05573736420824091,0.9074466246221243,8,0,True,False,0.28581791802684076,0.1237144134744373,0.028129952456418382,8.05607024893257e-05,0.06437291897891233,0.0006709158000670916,0.011882998171846435,0.0034569453174104338,0.1375879636585953,0.27876521064010445,0.5836468257013002,0,0.0001322067287758123,0.7653357545194388,0.23453203875178538,0,0.22910209968405634,0.08666851616895774,0.6842293841469859,0,0.034106720832736276,0.540633106162478,0.42526017300478586,0,0.06886008519368556,0.1316044102583963,-0.34022934703285723,-0.4231403683174895,0,0,0.1292,0.0543,0.499,0.1232,0.0467,7,MRNA
PM,Philip Morris International Inc,Consumer Defensive,190.39,296744386560,0.09298057757669831,0.018601480264366376,0.055791028920532344,0.9041962842014764,8,0,True,False,0.29681361850720217,0.1237144134744373,0.01909375890567113,8.05607024893257e-05,0.05860805860805861,0.0078125,0.011882998171846435,0.0034569453174104338,0.12166007466186568,0.3004601427980051,0.5778797825401292,0,0.005101722331576869,0.6911619063493425,0.3037363713190806,0,0.216254999148955,0.15357385589734698,0.6301711449536981,0,0.036496992600186885,0.5928395805971742,0.37066342680263886,0,0.06338089849672128,0.12637599587457093,-0.37742717843288365,-0.37404129000359754,0,0,0.1292,0.0543,0.499,0.1024,0.0372,9,MNST
BALL,Ball Corporation,Consumer Cyclical,61.82,16459359232,0.09224169181524121,0.028903385546574747,0.06057253868090798,0.8985863193609086,8,0,True,False,0.31017369727047145,0.1237144134744373,0.007002528690916164,0.0,0.10530749789385004,0.0078125,0.01549053356282272,0.0009420631182289214,0.1003581835933945,0.4106092838346165,0.489032532571989,0,0.0001422132476798059,0.8676485963341833,0.13220919041813683,0,0.26741552433265126,0.2719135016502406,0.46067097401710816,0,0.03750679984757535,0.6914991467590792,0.2709940533933455,0,0.05025019842053716,0.1524611620901133,-0.2603706630745258,-0.2133713516151135,0,0,0.1292,0.0543,0.499,0.137,0.0573,5,CVNA
LMT,Lockheed Martin Corporation,Industrials,608.68,140477710336,0.09131494084241075,0.017294028090488762,0.054304484466449754,0.8935951725709319,8,0,True,False,0.33205226748654887,0.09633911368015415,0.011023622047244094,8.05607024893257e-05,0.06437291897891233,0.0,0.011882998171846435,0.0009420631182289214,0.12065766860264043,0.34444690827289465,0.534895423124465,0,0.0001181554335670505,0.6371602479469332,0.36272159661949976,0,0.21715016802050582,0.20839075141621208,0.5744590805632822,0,0.036496992600186885,0.5928395805971742,0.37066342680263886,0,0.06038791201810374,0.12682358031034635,-0.38842059785387867,-0.3457376733726142,0,0,0.1292,0.0543,0.499,0.1201,0.0428,8,BLDR
VLTO,Veralto Corp,Industrials,97.68,23813734400,0.09110000141611145,0.02955229243584043,0.06032614692597594,0.9030080501739525,8,0,True,False,0.29681361850720217,0.1237144134744373,0.012325390304026294,8.05607024893257e-05,0.10530749789385004,0.002936857562408223,0.019553072625698324,0.0034569453174104338,0.11400067237391391,0.3939970065552621,0.4920023210708241,0,0.0010177284484069664,0.7530624296459185,0.24591984190567454,0,0.26537679640247214,0.2148241212661899,0.519799082331338,0,0.040752824387666954,0.7047752443268858,0.2544719312854474,0,0.057509200411160435,0.15306481039506956,-0.3114518810770889,-0.23407069641332312,0,0,0.1292,0.0543,0.499,0.1201,0.0428,8,BLDR
EIX,Edison International,Utilities,71.41,27479568384,0.09080445971529526,0.043174867405618864,0.06698966356045706,0.909789694396191,8,0,True,False,0.28581791802684076,0.1237144134744373,0.01909375890567113,8.05607024893257e-05,0.10530749789385004,0.01088646967340591,0.05613577023498695,0.010356731875719217,0.17367842238142567,0.19477978264735596,0.6315417949712184,0,0.0001245212947402292,0.6732161025859422,0.3266593761193175,0,0.30678096777032204,0.06431206410351023,0.6289069681261678,0,0.13628918599479628,0.5200268636939361,0.34368395031126764,0,0.08690147183808294,0.22153507688255916,-0.392199113707185,-0.2647603823361585,0,0,0.1292,0.0543,0.499,0.058,0.0155,12,NRG
BMY,Bristol-Myers Squibb Company,Healthcare,63.83,130386477056,0.09073830800158342,0.021193550714344644,0.05596592935796403,0.90259913636336,8,0,True,False,0.29681361850720217,0.1237144134744373,0.011023622047244094,8.05607024893257e-05,0.08433734939759036,0.002936857562408223,0.005197505197505198,0.0034569453174104338,0.12283806305839871,0.3506713790238972,0.5264905579177039,0,0.0005345317732308422,0.8651214667693604,0.13434400145740874,0,0.2444514864951886,0.21132544835414668,0.5442230651506648,0,0.02429174938172384,0.7057872542611077,0.26992099635716843,0,0.06168629741581478,0.13437161793845623,-0.2687309822717415,-0.27270041281546037,0,0,0.1292,0.0543,0.499,0.1232,0.0467,7,MRNA
TROW,"T. Rowe Price Group, Inc.",Financial Services,110.56,23584200704,0.09071490055608755,0.01242316684654451,0.05156903370131603,0.9026215710973334,8,0,True,False,0.29681361850720217,0.1237144134744373,0.011023622047244094,0.0,0.04355203619909502,0.002936857562408223,0.005197505197505198,0.0034569453174104338,0.13001279992433087,0.32108861135753863,0.5488985887181305,0,0.00013989476814543764,0.8881972918919376,0.11166281333991689,0,0.20945835437554236,0.13919530924041335,0.6513463363840444,0,0.037191997052502195,0.5850861114992826,0.3777218914482153,0,0.06507634734623816,0.12332517571402228,-0.2652043536827855,-0.39120893820210756,0,0,0.1292,0.0543,0.499,0.094,0.0276,10,HOOD
KVUE,Kenvue Inc.,Consumer Defensive,19.2,36878852096,0.09053628997276138,0.03951129625774791,0.06502379311525464,0.9052648883465989,8,0,True,False,0.29681361850720217,0.1237144134744373,0.01029654036243822,8.05607024893257e-05,0.10530749789385004,0.008771929824561403,0.0443298969072165,0.010356731875719217,0.12649983366936346,0.34920747812289216,0.5242926882077443,0,0.0003593554667436456,0.7481377047415348,0.2515029397917216,0,0.26537679640247214,0.2148241212661899,0.519799082331338,0,0.039674920670111136,0.680049038640053,0.2802760406898359,0,0.06342959456805355,0.15252585853629164,-0.3244682194316794,-0.2475117029742953,0,0,0.1292,0.0543,0.499,0.1024,0.0372,9,MNST
ABBV,AbbVie Inc.,Healthcare,249.46,440825085952,0.09051288252726551,0.009933001767789709,0.05022294214752761,0.9018810362207833,8,0,True,False,0.29681361850720217,0.1237144134744373,0.01029654036243822,0.0,0.04355203619909502,0.0006709158000670916,0.0015278838808250573,0.0,0.10668407025101216,0.38028070166564704,0.5130352280833408,0,0.0005372609373167283,0.8408274313231227,0.15863530773956064,0,0.2148190391188816,0.20703555832535941,0.5781454025557591,0,0.012631770494533697,0.6434428078275579,0.3439254216779085,0,0.05361066559416444,0.11372540480670765,-0.28222460231728624,-0.3473100073101262,0,0,0.1292,0.0543,0.499,0.1232,0.0467,7,MRNA
AON,Aon plc,Financial Services,355.83,75480596480,0.08962105615694144,0.010198057999497339,0.04990955707821939,0.901744888135434,8,0,True,False,0.29681361850720217,0.1237144134744373,0.007002528690916164,8.05607024893257e-05,0.04355203619909502,0.0006709158000670916,0.0015278838808250573,0.0009420631182289214,0.11501442613670794,0.32480306587127467,0.5601825079920175,0,0.00013833764109771302,0.8008271886636961,0.19903447369520616,0,0.21155585479817784,0.17196639548747406,0.6164777497143481,0,0.022944545557213432,0.5715359510260462,0.4055195034167404,0,0.05757638188890283,0.11725020017769563,-0.322032108954709,-0.3937484263878486,0,0,0.1292,0.0543,0.499,0.094,0.0276,10,HOOD
CTAS,Cintas Corporation,Industrials,199.52,79841837056,0.08962105615694144,0.02816195237301983,0.05889150426498063,0.9023236301255132,8,0,True,False,0.29681361850720217,0.1237144134744373,0.007002528690916164,8.05607024893257e-05,0.10530749789385004,0.008771929824561403,0.011882998171846435,0.0009420631182289214,0.1003581835933945,0.4106092838346165,0.489032532571989,0,0.0018407406752819018,0.8721150784469959,0.1260441808777222,0,0.22381489712847943,0.21570547181753388,0.5604796310539868,0,0.0341087786539635,0.671920111711931,0.2939711096341057,0,0.051099462134338205,0.12896183789122145,-0.2564388945905174,-0.2982635324528248,0,0,0.1292,0.0543,0.499,0.1201,0.0428,8,BLDR
JBHT,"J.B. Hunt Transport Services, I",Industrials,279.71,26264768512,0.08962105615694144,0.009184523843394842,0.04940279000016814,0.9017310568542429,8,0,True,False,0.29681361850720217,0.1237144134744373,0.007002528690916164,8.05607024893257e-05,0.03536977491961415,0.0,0.004898958971218616,0.0009420631182289214,0.11200483416676132,0.3478363073303693,0.5401588585028694,0,0.0004965778026518487,0.7503130411681482,0.24919038102920008,0,0.21858208003722257,0.210662253988488,0.5707556659742895,0,0.030845158515847425,0.5783445847782623,0.39081025670589004,0,0.056250705984706585,0.124713619276535,-0.33842391378132813,-0.3560693420635548,0,0,0.1292,0.0543,0.499,0.1201,0.0428,8,BLDR
MCO,Moody's Corporation,Financial Services,484.96,83985850368,0.08962105615694144,0.010836937189069779,0.05022899667300561,0.9019154995050833,8,0,True,False,0.29681361850720217,0.1237144134744373,0.007002528690916164,8.05607024893257e-05,0.04355203619909502,0.0006709158000670916,0.004898958971218616,0.0,0.12571767002197476,0.31048106120285823,0.563801268775167,0,0.0005021190481621088,0.758685684384296,0.24081219656754196,0,0.20745989459610117,0.13786723508537105,0.6546728703185277,0,0.03134907067129919,0.5592774896953576,0.40937343963334316,0,0.06310989453506843,0.11940448263370018,-0.33919683813628604,-0.41261867234223526,0,0,0.1292,0.0543,0.499,0.094,0.0276,10,HOOD
HSIC,"Henry Schein, Inc.",Healthcare,89.77,10226307072,0.08959764871144557,0.011101993420777407,0.05034982106611149,0.9019804449015837,8,0,True,False,0.29681361850720217,0.1237144134744373,0.007002528690916164,0.0,0.04355203619909502,0.0006709158000670916,0.004898958971218616,0.0009420631182289214,0.09587779089999426,0.39937764625027566,0.5047445628497299,0,0.0005394018019953753,0.8867232348473341,0.11273736335067057,0,0.22381489712847943,0.21570547181753388,0.5604796310539868,0,0.02256332356702594,0.6777198248997526,0.29971685153322136,0,0.04820859635099482,0.12318911034775269,-0.26053236674920544,-0.30690913094585137,0,0,0.1292,0.0543,0.499,0.1232,0.0467,7,MRNA
MKC,"McCormick & Company, Incorporat",Consumer Defensive,54.67,14698114048,0.08949798273844901,0.046626204847849635,0.06806209379314933,0.904285563638668,8,0,True,False,0.28581791802684076,0.1237144134744373,0.01439162668992586,8.05607024893257e-05,0.15752032520325204,0.01642710472279261,0.026378896882494004,0.006440532417346501,0.13738740698297325,0.2190658958905336,0.6435466971264933,0,0.001636443098134269,0.6502432047326705,0.3481203521691952,0,0.25818265820197533,0.08484381223802302,0.6569735295600015,0,0.07893741698070333,0.508160522377055,0.4129020606422417,0,0.06951192504055376,0.16856003759133933,-0.42632159960729044,-0.3663777575097823,0,0,0.1292,0.0543,0.499,0.1024,0.0372,9,MNST
TT,Trane Technologies plc,Industrials,480.2,105655132160,0.08943203695266363,0.021745109354097625,0.05558857315338063,0.9061620845161433,8,0,True,False,0.28581791802684076,0.1237144134744373,0.014154281670205236,8.05607024893257e-05,0.08433734939759036,0.0006709158000670916,0.011882998171846435,0.0009420631182289214,0.13242213360582064,0.32703886861326076,0.5405389977809184,0,0.00047359466650272143,0.6904384043351409,0.3090880009983564,0,0.2608457612025617,0.1495019138172157,0.5896523249802226,0,0.0387061061700327,0.6341673543499754,0.327126539479992,0,0.06644786413616167,0.1497759336862972,-0.35836563525347576,-0.30861349854381004,0,0,0.1292,0.0543,0.499,0.1201,0.0428,8,BLDR
ALL,Allstate Corporation (The),Financial Services,261.41,66099597312,0.08900949862972925,0.004942675697315434,0.04697608716352234,0.9011325657602143,8,0,True,False,0.29681361850720217,0.12109744560075686,0.007002528690916164,8.05607024893257e-05,0.019847328244274813,0.0,0.0015278838808250573,0.0009420631182289214,0.09490737171653227,0.38830762510647926,0.5167850031769884,0,0.00034241805785615323,0.6980162419970701,0.30164133994507386,0,0.18784830705149994,0.17198414884930788,0.6401675440991922,0,0.009269766552548738,0.5155870972931038,0.47514313615434767,0,0.04762489488719421,0.09855903680202434,-0.36158827667383686,-0.4590963033247456,0,0,0.1292,0.0543,0.499,0.094,0.0276,10,HOOD
FTV,Fortive Corporation,Technology,61.62,18785536000,0.0889238835547084,0.043485723548717874,0.06620480355171314,0.9031094936866936,8,0,True,False,0.28581791802684076,0.1237144134744373,0.012325390304026294,8.05607024893257e-05,0.15752032520325204,0.01088646967340591,0.0226628895184136,0.0034569453174104338,0.13201226213847977,0.3470037221097487,0.5209840157517716,0,0.00013900062686125265,0.8480482708423727,0.15181272853076597,0,0.27362847668007717,0.21511831689135744,0.5112532064285653,0,0.0836939981607761,0.6279156316936533,0.28839037014557056,0,0.06607563138267052,0.17866123742042664,-0.27032274075859825,-0.2211605508666413,0,0,0.1292,0.0543,0.499,0.2074,0.1051,1,SMCI
DIS,Walt Disney Company (The),Communication Services,106.85,184496488448,0.0889238835547084,0.02873638953147148,0.05883013654308994,0.9038265539155557,8,0,True,False,0.28581791802684076,0.1237144134744373,0.012325390304026294,8.05607024893257e-05,0.12307692307692307,0.002936857562408223,0.004898958971218616,0.0009420631182289214,0.11107169930755725,0.3838742011682863,0.5050540995241565,0,0.00013989476814543764,0.8881972918919376,0.11166281333991689,0,0.2592396459501059,0.30398027924928234,0.4367800748006118,0,0.023730770313917543,0.7127856609470371,0.26348356873904527,0,0.055605797037851346,0.1414852081320117,-0.25275265939418534,-0.20864661363781684,0,0,0.1292,0.0543,0.499,0.1555,0.0796,3,TTD
HST,"Host Hotels & Resorts, Inc.",Real Estate,22.9,15909235712,0.08890047610921255,0.011619940140507668,0.05026020812486011,0.9061453926308719,8,0,True,False,0.28581791802684076,0.1237144134744373,0.012325390304026294,0.0,0.025559105431309903,0.0006709158000670916,0.01549053356282272,0.006440532417346501,0.12571767002197476,0.31048106120285823,0.563801268775167,0,0.00013508424946223808,0.8064127419946847,0.19345217375585308,0,0.2608457612025617,0.1495019138172157,0.5896523249802226,0,0.042136403494564885,0.6928760520577621,0.2649875444476729,0,0.0629263771357185,0.1514910823485633,-0.31570034412979153,-0.27582885236538446,0,0,0.1292,0.0543,0.499,0.084,0.0224,11,CSGP
AIG,"American International Group, I",Financial Services,76.64,40074534912,0.08888642521123681,0.005713119599953827,0.04729977240559532,0.9050345047186132,8,0,True,True,0.28581791802684076,0.12109744560075686,0.01439162668992586,8.05607024893257e-05,0.025559105431309903,0.0006709158000670916,0.00021992522542335605,0.0,0.09974361962660074,0.4388447785204506,0.4614116018529485,0,0.0003884447115088184,0.929897726612997,0.06971382867549417,0,0.20902735877371756,0.3127855452080442,0.4781870960182383,0,0.023839290880201456,0.7491577709275972,0.2270029381922014,0,0.050066032169054774,0.1164333248269595,-0.21549668309516656,-0.23616169227826034,0,0,0.1292,0.0543,0.499,0.094,0.0276,10,HOOD
OKE,"ONEOK, Inc.",Energy,94.99,59846815744,0.08862380656455782,0.05596211840371049,0.07229296248413415,0.9029984053958575,8,0,True,False,0.2871500358937546,0.1237144134744373,0.01029654036243822,8.05607024893257e-05,0.17482517482517482,0.019830028328611898,0.0443298969072165,0.006440532417346501,0.13242213360582064,0.32703886861326076,0.5405389977809184,0,0.00034241805785615323,0.6980162419970701,0.30164133994507386,0,0.2771780442468699,0.2304682616591944,0.4923536940939356,0,0.04065708626158628,0.5764354612129132,0.3829074525255005,0,0.0663822758318384,0.1589175652542281,-0.3547078930311577,-0.27871300805548993,0,0,0.1292,0.0543,0.499,0.144,0.1019,4,TPL
OTIS,Otis Worldwide Corporation,Industrials,72.63,27648014336,0.08862380656455782,0.02988441054953626,0.05925410855704704,0.9037037887579006,8,0,True,True,0.2871500358937546,0.1237144134744373,0.01029654036243822,8.05607024893257e-05,0.12307692307692307,0.0078125,0.004898958971218616,0.0009420631182289214,0.1196621595519914,0.3801645025779373,0.5001733378700712,0,0.00420996740839174,0.8564620605384313,0.1393279720531769,0,0.24511992206452884,0.21190330307866467,0.5429767748568065,0,0.023078140949807945,0.6324734670302986,0.34444839201989347,0,0.061936063480191574,0.1340990315071684,-0.2578145914814325,-0.3096135519311816,0,0,0.1292,0.0543,0.499,0.1201,0.0428,8,BLDR
KR,Kroger Company (The),Consumer Defensive,56.69,34730975232,0.08856219014018037,0.04156249537122547,0.06506234275570291,0.9024710680830701,8,0,True,False,0.28581791802684076,0.1237144134744373,0.011023622047244094,8.05607024893257e-05,0.15752032520325204,0.01088646967340591,0.01549053356282272,0.0034569453174104338,0.13397805828155573,0.2714512275992746,0.5945707141191696,0,0.0004871520205153858,0.7120304040897135,0.2874824438897712,0,0.26756125787262797,0.1450420964327722,0.5873966456945998,0,0.05085674312383942,0.5909515517101053,0.3581917051660553,0,0.06723260515103556,0.1592090004982337,-0.3737939738534348,-0.31358517493209387,0,0,0.1292,0.0543,0.499,0.1024,0.0372,9,MNST
STZ,"Constellation Brands, Inc.",Consumer Defensive,139.18,23772549120,0.08836017211135833,0.020901533911055783,0.054630853011207056,0.9045102489892184,8,0,True,True,0.28581791802684076,0.1237144134744373,0.01029654036243822,8.05607024893257e-05,0.09619047619047619,0.0006709158000670916,0.00021992522542335605,0.0,0.12058837196301989,0.38310706254709087,0.4963045654898893,0,0.0010395789720717287,0.7952024603223833,0.20375796070554492,0,0.2182514018546848,0.24346187364875052,0.5382867244965647,0,0.00609691092734445,0.6566057051711013,0.3372973839015543,0,0.06081397546754581,0.11217415639101463,-0.2892172876301713,-0.32561789780804484,0,0,0.1292,0.0543,0.499,0.1024,0.0372,9,MNST
VTR,"Ventas, Inc.",Real Estate,91.52,46944849920,0.08836017211135833,0.011809573609413631,0.05008487286038598,0.9057061136877176,8,0,True,False,0.28581791802684076,0.1237144134744373,0.01029654036243822,8.05607024893257e-05,0.04355203619909502,0.0006709158000670916,0.004898958971218616,0.0034569453174104338,0.11692198834169797,0.313604643240898,0.5694733684174041,0,0.0001245212947402292,0.6732161025859422,0.3266593761193175,0,0.25434846933722444,0.2085572815202995,0.5370942491424759,0,0.037298219365301345,0.6402949472080324,0.3224068334266664,0,0.0585232548182191,0.1458233443512629,-0.3895431174501417,-0.28392719693330826,0,0,0.1292,0.0543,0.499,0.084,0.0224,11,CSGP
KEY,KeyCorp,Financial Services,23.31,24989134848,0.0883305230896305,0.004326897477374247,0.046328710283502376,0.9062840059036339,8,0,True,False,0.27991886409736305,0.1237144134744373,0.01439162668992586,8.05607024893257e-05,0.019847328244274813,0.0,0.00021992522542335605,0.0,0.1003581835933945,0.4106092838346165,0.489032532571989,0,0.0001457620190326716,0.9134027594620053,0.08645147851896196,0,0.2109750797071422,0.2671599324772896,0.5218649878155683,0,0.0065428070591554335,0.7632251517121934,0.23023204122865115,0,0.05025197280621359,0.10875894338314882,-0.2374900327392619,-0.2672895711389609,0,0,0.1292,0.0543,0.499,0.094,0.0276,10,HOOD
NOC,Northrop Grumman Corporation,Industrials,585.87,83230466048,0.08774861458414612,0.02728629023937205,0.05751745241175909,0.905577619324305,8,0,True,False,0.28581791802684076,0.12109744560075686,0.01029654036243822,8.05607024893257e-05,0.10530749789385004,0.002070393374741201,0.01549053356282272,0.0,0.12138419591680463,0.2753987250406725,0.6032170790425228,0,0.00011762838899828514,0.603872396668632,0.3960099749423696,0,0.26920961703769464,0.14984751331627777,0.5809428696460276,0,0.03610172706743967,0.5679345230770713,0.39596374985548916,0,0.06075091215290146,0.15265567205256717,-0.43886261483954475,-0.3357976376981912,0,0,0.1292,0.0543,0.499,0.1201,0.0428,8,BLDR
HBAN,Huntington Bancshares Incorpora,Financial Services,17.91,36185628672,0.08772520713865027,0.025390821164916547,0.05655801415178341,0.9060229639660542,8,0,True,False,0.28581791802684076,0.12109744560075686,0.01029654036243822,0.0,0.09619047619047619,0.0006709158000670916,0.01020408163265306,0.006440532417346501,0.10483796974215714,0.3737001841132055,0.5214618461446375,0,0.0003671505084524022,0.8013838359831914,0.19824901350835628,0,0.22381489712847943,0.21570547181753388,0.5604796310539868,0,0.03219429931398499,0.6772042978898728,0.29060140279614227,0,0.05260256012530477,0.12800459822123222,-0.30725286970119214,-0.29753591870383234,0,0,0.1292,0.0543,0.499,0.094,0.0276,10,HOOD
ACGL,Arch Capital Group Ltd.,Financial Services,98.71,33660108800,0.08770857274873788,0.016366903901684972,0.05203773832521143,0.9052778560529641,8,0,True,False,0.2871500358937546,0.1237144134744373,0.007002528690916164,8.05607024893257e-05,0.06437291897891233,0.0006709158000670916,0.005197505197505198,0.0034569453174104338,0.11110968898268206,0.3530484144065282,0.5358418966107898,0,0.00014130688069487624,0.8301285756766574,0.16973011744264746,0,0.21758558490846958,0.209701864601234,0.5727125504902965,0,0.033429476831837314,0.6145764270403571,0.3519940961278058,0,0.055625497931688465,0.12550753087015346,-0.2971605090950302,-0.3368457924388977,0,0,0.1292,0.0543,0.499,0.094,0.0276,10,HOOD
FAST,Fastenal Company,Industrials,51.02,58545328128,0.08770857274873788,0.011166458824546754,0.049437515786642315,0.9049331713237098,8,0,True,False,0.2871500358937546,0.1237144134744373,0.007002528690916164,8.05607024893257e-05,0.04355203619909502,0.002070393374741201,0.004898958971218616,0.0,0.08483703486360485,0.43917881589367513,0.4759841492427198,0,0.0003781800811289464,0.867060065524788,0.13256175439408316,0,0.21031836521402655,0.26035175531767535,0.529329879468298,0,0.022018608906113193,0.6480372941562685,0.32994409693761834,0,0.042607607472366894,0.11616848706006988,-0.2616653443460346,-0.31346850114288827,0,0,0.1292,0.0543,0.499,0.1201,0.0428,8,BLDR
CL,Colgate-Palmolive Company,Consumer Defensive,91.95,73300033536,0.08768516530324201,0.02489044199610892,0.056287803649675464,0.9051448314441689,8,0,True,True,0.2871500358937546,0.1237144134744373,0.007002528690916164,0.0,0.09619047619047619,0.0078125,0.005197505197505198,0.0034569453174104338,0.09779488786080479,0.40012171832347393,0.5020833938157211,0,0.00013910628794256699,0.8327740082511518,0.16708688546090553,0,0.23694456253713517,0.2499129001247047,0.5131425373381601,0,0.03504059915908554,0.6902763520290939,0.2746830488118207,0,0.04896699707437368,0.13599258084811036,-0.28561814256393964,-0.25792021222688005,0,0,0.1292,0.0543,0.499,0.1024,0.0372,9,MNST
ROST,"Ross Stores, Inc.",Consumer Cyclical,245.36,78706851840,0.0874449382955384,0.002240652083183997,0.0448427951893612,0.9035893719193802,8,0,True,False,0.28581791802684076,0.1237144134744373,0.007002528690916164,8.05607024893257e-05,0.010145566828407587,0.0,0.00021992522542335605,0.0,0.09966228221726506,0.4251034529674394,0.4752342648152955,0,0.0005433216606927604,0.8629035123137065,0.13655316602560072,0,0.1767465732580059,0.23251908240021937,0.5907343443417746,0,0.0038049521077139,0.6264578862349681,0.36973716165731796,0,0.05010280193897891,0.0902757626828599,-0.2557909134814692,-0.3899599903166864,0,0,0.1292,0.0543,0.499,0.137,0.0573,5,CVNA
BXP,"BXP, Inc.",Real Estate,68.45,12381059072,0.08742153085004253,0.006634244851455338,0.047027887850748934,0.9046572934795958,8,0,True,False,0.28581791802684076,0.1237144134744373,0.007002528690916164,0.0,0.019847328244274813,0.0,0.005197505197505198,0.0034569453174104338,0.10671717637804674,0.32784828179287245,0.5654345418290809,0,0.00012493665501971352,0.6982676206844886,0.30160744266049166,0,0.260668035690044,0.1630403707419769,0.5762915935679791,0,0.035571489402204996,0.6072662706006562,0.35716223999713886,0,0.05342105651653323,0.1481197625461245,-0.38009993572825307,-0.3186071542364345,0,0,0.1292,0.0543,0.499,0.084,0.0224,11,CSGP
ECL,Ecolab Inc.,Basic Materials,276.11,77401530368,0.08742153085004253,0.014410278515837437,0.05091590468293999,0.9051192622200386,8,0,True,False,0.28581791802684076,0.1237144134744373,0.007002528690916164,0.0,0.06437291897891233,0.0006709158000670916,0.0015278838808250573,0.0,0.09855475571088712,0.4032306705041489,0.4982145737849639,0,0.0001412474232738706,0.8455921337178745,0.1542666188588516,0,0.22796124616852975,0.24043791313881827,0.5316008406926521,0,0.006481061081272902,0.7265850133250831,0.26693392559364393,0,0.049348001567080496,0.11722115362490133,-0.27689259475482725,-0.2820462295182467,0,0,0.1292,0.0543,0.499,0.1299,0.0466,6,MOS
MRSH,Marsh,Financial Services,187.82,89629827072,0.08742153085004253,0.011889627153637242,0.04965557900183989,0.9055020607079743,8,0,True,False,0.28581791802684076,0.1237144134744373,0.007002528690916164,0.0,0.04355203619909502,0.0006709158000670916,0.005197505197505198,0.0034569453174104338,0.11200483416676132,0.3478363073303693,0.5401588585028694,0,0.0001322067287758123,0.7653357545194388,0.23453203875178538,0,0.21011057645868203,0.17762324215862035,0.6122661813826975,0,0.03134907067129919,0.5592774896953576,0.40937343963334316,0,0.05606852044776857,0.12072982356499061,-0.3312769281795588,-0.3900899869430297,0,0,0.1292,0.0543,0.499,0.094,0.0276,10,HOOD
ABT,Abbott Laboratories,Healthcare,111.25,193776713728,0.08739473049136184,0.02686716438021914,0.05713094743579049,0.907154845091919,8,0,True,True,0.27991886409736305,0.1237144134744373,0.011023622047244094,8.05607024893257e-05,0.10530749789385004,0.01088646967340591,0.005197505197505198,0.0009420631182289214,0.1068926660879133,0.3995009917319423,0.4936063421801445,0,0.004213977874908911,0.8684177371391691,0.12736828498592198,0,0.24882477455215743,0.19395835539566172,0.5572168700521808,0,0.03212819077938342,0.6628541623480355,0.3050176468725811,0,0.05555332198141111,0.14047648266577042,-0.2549339916016221,-0.2906407757966105,0,0,0.1292,0.0543,0.499,0.1232,0.0467,7,MRNA
YUM,"Yum! Brands, Inc.",Consumer Cyclical,148.11,40419381248,0.08709701522152569,0.029836873524400433,0.058466944372963056,0.9057925766460139,8,0,True,False,0.2871500358937546,0.12109744560075686,0.007002528690916164,8.05607024893257e-05,0.10530749789385004,0.008771929824561403,0.01549053356282272,0.0034569453174104338,0.1096647981109434,0.3790118187942003,0.5113233830948563,0,0.00012616204591958316,0.7051162976234173,0.2947575403306631,0,0.25679122335928717,0.20787404797578932,0.5353347286649235,0,0.035571489402204996,0.6072662706006562,0.35716223999713886,0,0.054895480078431494,0.14618135638074609,-0.34814498163432817,-0.3000671279502851,0,0,0.1292,0.0543,0.499,0.137,0.0573,5,CVNA
GEHC,GE HealthCare Technologies Inc.,Healthcare,73.69,33520975872,0.08709439081305899,0.0454595763259429,0.06627698356950094,0.9092590543421936,8,0,True,False,0.26707132018209406,0.1237144134744373,0.01909375890567113,8.05607024893257e-05,0.15752032520325204,0.015037593984962405,0.026378896882494004,0.0034569453174104338,0.13768348925168586,0.2881037236286474,0.5742127871196668,0,0.0003561012503096738,0.7504184949233429,0.24922540382634753,0,0.2552207962483102,0.08780218689327096,0.6569770168584188,0,0.0494200265868086,0.5997203508690361,0.3508596225441553,0,0.06901979525099777,0.1523204114175594,-0.34269930022200945,-0.35159790828372767,0,0,0.1292,0.0543,0.499,0.1232,0.0467,7,MRNA
ITW,Illinois Tool Works Inc.,Industrials,290.81,82822684672,0.08707360777602982,0.007232100615877486,0.04715285419595365,0.9045412295561971,8,0,True,False,0.2871500358937546,0.12109744560075686,0.007002528690916164,0.0,0.027522935779816515,0.0,0.004898958971218616,0.0,0.09779488786080479,0.40012171832347393,0.5020833938157211,0,0.00013940847210740627,0.8851097795441691,0.11475081198372325,0,0.21297020232558322,0.22297450543911962,0.564055292235297,0,0.03259742889175003,0.6997792670042206,0.26762330410402924,0,0.048967148166456094,0.12278381560866664,-0.25944995473326604,-0.2930554825609965,0,0,0.1292,0.0543,0.499,0.1201,0.0428,8,BLDR
CHD,"Church & Dwight Company, Inc.",Consumer Defensive,101.3,24028755968,0.08644270786414089,0.014181633155381568,0.05031217050976123,0.905059440083367,8,0,True,False,0.2871500358937546,0.12109744560075686,0.00473186119873817,0.0,0.05860805860805861,0.0,0.004898958971218616,0.0009420631182289214,0.09734634521672829,0.4282974235979844,0.4743562311852873,0,0.00013807333613761156,0.839580515141446,0.16028141152241632,0,0.2403547712234963,0.23911732196864863,0.5205279068078551,0,0.03378128319750077,0.7251934400382081,0.2410252767642912,0,0.04874220927643295,0.13706802721049854,-0.26857661207741884,-0.2437085645755746,0,0,0.1292,0.0543,0.499,0.1024,0.0372,9,MNST
PKG,Packaging Corporation of Americ,Consumer Cyclical,255.48,22762831872,0.08566592111950769,0.007862492830178461,0.04676420697484308,0.9069238602446522,8,0,True,False,0.27991886409736305,0.12109744560075686,0.007002528690916164,8.05607024893257e-05,0.025559105431309903,0.0,0.005197505197505198,0.0034569453174104338,0.12043161552952351,0.31235828066860416,0.5672101038018724,0,0.00013153826828358087,0.7874672851752008,0.21240117655651555,0,0.2175624604916534,0.1484564275501705,0.6339811119581762,0,0.03637193502354547,0.5440403189715842,0.4195877460048703,0,0.060281576898903545,0.12696719775759943,-0.32952406328029044,-0.3998172312239238,0,0,0.1292,0.0543,0.499,0.137,0.0573,5,CVNA
AXP,American Express Company,Financial Services,342.48,231280115712,0.08564251367401182,0.018848394917160626,0.052245454295586226,0.9070826514235826,8,0,True,False,0.27991886409736305,0.12109744560075686,0.007002528690916164,0.0,0.08080808080808081,0.0006709158000670916,0.004898958971218616,0.0,0.09779488786080479,0.40012171832347393,0.5020833938157211,0,0.00037542128140501634,0.8450249965572169,0.15459958216137815,0,0.22381489712847943,0.21570547181753388,0.5604796310539868,0,0.01098899498098969,0.6857450526529068,0.3032659523661034,0,0.0490851545711049,0.11740194605473456,-0.2792563334174447,-0.31447084565531047,0,0,0.1292,0.0543,0.499,0.094,0.0276,10,HOOD
TRV,"The Travelers Companies, Inc.",Financial Services,370.36,77247840256,0.08429770077184612,0.006135417350220316,0.04521655906103322,0.906126523513647,8,0,True,True,0.27991886409736305,0.12109744560075686,0.002162421912542047,0.0,0.027522935779816515,0.0006709158000670916,0.00021992522542335605,0.0,0.09879248218186391,0.4346600326405575,0.4665474851775785,0,0.00013477656509344735,0.806853679953939,0.19301154348096747,0,0.20278743918294045,0.21786903853689085,0.5793435222801687,0,0.0038993765421215638,0.6055699706730066,0.390530652784872,0,0.04946362937347868,0.103343407862531,-0.2803158849557943,-0.38159367966998936,0,0,0.1292,0.0543,0.499,0.094,0.0276,10,HOOD
EG,"Everest Group, Ltd.",Financial Services,370.11,14191029248,0.08375821343457085,0.014410278515837437,0.049084245975204145,0.9055451912754786,8,0,True,False,0.28581791802684076,0.11379310344827587,0.002162421912542047,0.0,0.06437291897891233,0.0006709158000670916,0.0015278838808250573,0.0,0.09656335316763609,0.3950829705076679,0.5083536763246959,0,0.0001350497235537709,0.7817936577867787,0.2180712924896674,0,0.20678314713721105,0.2175732113193084,0.5756436415434806,0,0.02178246322223203,0.5920681671555383,0.3861493696222297,0,0.04834920144559493,0.11428280517972154,-0.3148632829615867,-0.36661370040313357,0,0,0.1292,0.0543,0.499,0.094,0.0276,10,HOOD
AWK,"American Water Works Company, I",Utilities,136.2,27066888192,0.08309990442059406,0.010040083855640883,0.04656999413811747,0.9108307227521719,8,0,True,False,0.26707132018209406,0.12109744560075686,0.007002528690916164,0.0,0.04355203619909502,0.0,0.0015278838808250573,0.0009420631182289214,0.10483796974215714,0.3737001841132055,0.5214618461446375,0,0.00013072527070162647,0.7679653123672804,0.231903962362018,0,0.23187585286385415,0.2659587367467008,0.5021654103894451,0,0.014465448659611824,0.8304574740099968,0.15507707733039128,0,0.052484347506429385,0.12317065076173299,-0.32419855674689835,-0.2054505930981852,0,0,0.1292,0.0543,0.499,0.058,0.0155,12,NRG
TJX,"TJX Companies, Inc. (The)",Consumer Cyclical,152.11,168036581376,0.08250316003313118,0.0062466592928610955,0.04437490966299614,0.9068604122276613,8,0,True,True,0.28581791802684076,0.09633911368015415,0.012325390304026294,0.0,0.025559105431309903,0.002936857562408223,0.00021992522542335605,0.0,0.09863575722781319,0.4207248725469946,0.4806393702251921,0,0.0018644665699359903,0.8704667288356916,0.1276688045943724,0,0.20483170933831046,0.2884994573262011,0.5066688333354885,0,0.023837549429216343,0.7172852831854475,0.2588771673853361,0,0.05025011189887459,0.1143346293837634,-0.25390397551090765,-0.2684383709766489,0,0,0.1292,0.0543,0.499,0.137,0.0573,5,CVNA
AMGN,Amgen Inc.,Healthcare,415.21,224092274688,0.08184363235340934,0.007782439285954849,0.044813035819682094,0.9071342971135972,8,0,True,False,0.28581791802684076,0.09582893347412882,0.01029654036243822,8.05607024893257e-05,0.025559105431309903,0.0,0.004898958971218616,0.0034569453174104338,0.1099683869122434,0.3415120241121116,0.5485195889756449,0,0.00014038766977926047,0.8913267434227868,0.10853286890743384,0,0.2240084327233792,0.15152903520084188,0.6244625320757791,0,0.03219429931398499,0.6772042978898728,0.29060140279614227,0,0.05505438729101133,0.1281013660186821,-0.273471841650528,-0.32943060141727853,0,0,0.1292,0.0543,0.499,0.1232,0.0467,7,MRNA
CPAY,"Corpay, Inc.",Technology,417.6,27419449344,0.08184363235340934,0.013524331531077256,0.0476839819422433,0.9080656615309559,8,0,True,False,0.28581791802684076,0.09582893347412882,0.01029654036243822,8.05607024893257e-05,0.04355203619909502,0.0,0.011882998171846435,0.0034569453174104338,0.13017071337342323,0.33848044764212004,0.5313488389844566,0,0.00013078537246123928,0.7571076195559048,0.24276159507163383,0,0.22817519662978786,0.18449015431936325,0.5873346490508489,0,0.036150124916768264,0.5340342133460012,0.4298156617372306,0,0.06515074937294224,0.13216266077327807,-0.321904467655103,-0.37641249462076165,0,0,0.1292,0.0543,0.499,0.2074,0.1051,1,SMCI
WELL,Welltower Inc.,Real Estate,235.52,169709125632,0.0816736090367476,0.004591953709081877,0.043132781372914736,0.9096741675094573,8,0,True,False,0.26707132018209406,0.12109744560075686,0.001869158878504673,0.0,0.019847328244274813,0.0,0.00021992522542335605,0.0009420631182289214,0.09490737171653227,0.38830762510647926,0.5167850031769884,0,0.0,0.7272294251106199,0.2727705748893801,0,0.23111605170128152,0.22992616732950363,0.5389577809692148,0,0.010615460496523026,0.6490924391403048,0.34029210036317226,0,0.047453685858266134,0.12086575609890228,-0.34732410317491813,-0.31875918456729124,0,0,0.1292,0.0543,0.499,0.084,0.0224,11,CSGP
MAR,Marriott International,Consumer Cyclical,356.72,93020553216,0.08128784922716065,0.021745109354097625,0.051516479290629136,0.9069724023991409,8,0,True,False,0.2871500358937546,0.09633911368015415,0.007002528690916164,0.0,0.08433734939759036,0.0006709158000670916,0.011882998171846435,0.0009420631182289214,0.10113282511656052,0.42126742047928345,0.4775997544041559,0,0.00012933542282706615,0.7598004414788819,0.24007022309829087,0,0.26741552433265126,0.2719135016502406,0.46067097401710816,0,0.033885111682796364,0.628527093797215,0.33758779451998866,0,0.05063108026969379,0.1506503180077238,-0.3082039084815296,-0.2484790662608246,0,0,0.1292,0.0543,0.499,0.137,0.0573,5,CVNA
SYY,Sysco Corporation,Consumer Defensive,82.99,39730659328,0.08116862554529304,0.015659323713048748,0.048413974629170894,0.9069439321398635,8,0,True,False,0.2871500358937546,0.09582893347412882,0.007002528690916164,0.0,0.06437291897891233,0.0006709158000670916,0.005197505197505198,0.0009420631182289214,0.09879248218186391,0.4346600326405575,0.4665474851775785,0,0.000377579575568529,0.8522890235270195,0.14733339689741193,0,0.22402460732846505,0.2740649179341479,0.5019104747373871,0,0.03175228027913618,0.6816361957022311,0.28661152401863266,0,0.04958503087871622,0.1278884438038006,-0.257355410158779,-0.26637255557420925,0,0,0.1292,0.0543,0.499,0.1024,0.0372,9,MNST
CB,Chubb Limited,Financial Services,343.64,132576272384,0.08092839853758942,0.004484871621230704,0.04270663507941006,0.906218000839408,8,0,True,True,0.28581791802684076,0.09582893347412882,0.007002528690916164,8.05607024893257e-05,0.019847328244274813,0.0006709158000670916,0.00021992522542335605,0.0,0.09863575722781319,0.4207248725469946,0.4806393702251921,0,0.0010748982648982753,0.8222191558376314,0.17670594589747032,0,0.2106486998914032,0.29669251797711377,0.4926587821314831,0,0.022901163050874366,0.6878672889981969,0.2892315479509287,0,0.04985532774635573,0.11677493147113878,-0.27881733031497546,-0.27417023357006715,0,0,0.1292,0.0543,0.499,0.094,0.0276,10,HOOD
MA,Mastercard Incorporated,Financial Services,569.29,498703663104,0.08092839853758942,0.002240652083183997,0.04158452531038671,0.9057148978016405,8,0,True,False,0.28581791802684076,0.09582893347412882,0.007002528690916164,8.05607024893257e-05,0.010145566828407587,0.0,0.00021992522542335605,0.0,0.08396184583398913,0.4346481945403038,0.4813899596257071,0,0.00013846546763517003,0.8015671677887991,0.19829436674356576,0,0.20215609073553728,0.25599235523810837,0.5418515540263544,0,0.003991749670401536,0.6583990253461878,0.3376092249834108,0,0.04205015565081215,0.1030739202029694,-0.2977920075338243,-0.3366564693019132,0,0,0.1292,0.0543,0.499,0.094,0.0276,10,HOOD
TGT,Target Corporation,Consumer Defensive,154.48,70163439616,0.08092839853758942,0.015579270168825139,0.04825383435320728,0.9073395995640803,8,0,True,False,0.28581791802684076,0.09582893347412882,0.007002528690916164,8.05607024893257e-05,0.06437291897891233,0.0006709158000670916,0.004898958971218616,0.0009420631182289214,0.09490737171653227,0.38830762510647926,0.5167850031769884,0,0.001072659562666925,0.8624464964722863,0.13648084396504676,0,0.2022339201726987,0.21035398714295334,0.5874120926843479,0,0.02193433784223365,0.5961962644687029,0.3818693976890634,0,0.0479900156395996,0.11208412900746617,-0.278642907931418,-0.3725566161792395,0,0,0.1292,0.0543,0.499,0.1024,0.0372,9,MNST
LYV,"Live Nation Entertainment, Inc.",Communication Services,188.46,43903549440,0.08090499109209355,0.004697166371741981,0.04280107873191777,0.9062917814573732,8,0,True,False,0.28581791802684076,0.09582893347412882,0.007002528690916164,0.0,0.014129736673089274,0.0,0.005197505197505198,0.0009420631182289214,0.08396184583398913,0.4346481945403038,0.4813899596257071,0,0.0,0.8326543029449835,0.16734569705501637,0,0.21370057955443203,0.25923666614553853,0.5270627543000296,0,0.021975432428433157,0.576509530164865,0.4015150374067018,0,0.04198092291699457,0.1178380059914326,-0.28238690542336714,-0.3464508898619331,0,0,0.1292,0.0543,0.499,0.1555,0.0796,3,TTD
WMT,Walmart Inc.,Consumer Defensive,115.27,917327708160,0.08090499109209355,0.026063312518310285,0.05348415180520192,0.9065313194706802,8,0,True,True,0.28581791802684076,0.09582893347412882,0.007002528690916164,0.0,0.10530749789385004,0.0078125,0.004898958971218616,0.0009420631182289214,0.10109776204892743,0.4312264055983503,0.46767583235272225,0,0.000513723074867411,0.7752235832112905,0.22426269371384222,0,0.2476250114281962,0.2903611438257292,0.46201384474607454,0,0.02528572243359877,0.7346667515780093,0.24004752598839188,0,0.05080574256189742,0.1364553669308975,-0.29516352047138483,-0.2145753184363357,0,0,0.1292,0.0543,0.499,0.1024,0.0372,9,MNST
MMM,3M Company,Industrials,182.65,94196695040,0.08067617270459083,0.016745879057665374,0.048711025881128106,0.9100538622059826,8,0,True,False,0.27991886409736305,0.09582893347412882,0.01029654036243822,8.05607024893257e-05,0.05860805860805861,0.002936857562408223,0.011882998171846435,0.0009420631182289214,0.10483796974215714,0.3737001841132055,0.5214618461446375,0,0.00014051700079378946,0.854439671067265,0.1454198119319411,0,0.21758558490846958,0.209701864601234,0.5727125504902965,0,0.037298219365301345,0.6402949472080324,0.3224068334266664,0,0.052489243371475466,0.12744190213688547,-0.28095158566681383,-0.32011778982159594,0,0,0.1292,0.0543,0.499,0.1201,0.0428,8,BLDR
EW,Edwards Lifesciences Corporatio,Healthcare,91.6,52743278592,0.08052508696857698,0.008015532190407142,0.04427030957949206,0.9062037265445242,8,0,True,False,0.2871500358937546,0.09582893347412882,0.004686373467916366,0.0,0.03536977491961415,0.0,0.0015278838808250573,0.0,0.09974361962660074,0.4388447785204506,0.4614116018529485,0,0.00014402707818664848,0.9144334881165569,0.08542248480525648,0,0.2224834234628336,0.22133798355673728,0.556178592980429,0,0.006389103346157443,0.6893152869165694,0.30429560973727315,0,0.04994382335239369,0.11443626340449552,-0.2234732199767088,-0.3158008379543556,0,0,0.1292,0.0543,0.499,0.1232,0.0467,7,MRNA
MDLZ,"Mondelez International, Inc.",Consumer Defensive,63.61,81652965376,0.08027409118020463,0.01368230567493371,0.04697819842756917,0.9077436630707731,8,0,True,False,0.28581791802684076,0.09582893347412882,0.00473186119873817,0.0,0.04355203619909502,0.0006709158000670916,0.011882998171846435,0.0034569453174104338,0.09863575722781319,0.4207248725469946,0.4806393702251921,0,0.00013684128495004518,0.8038947601895765,0.19596839852547346,0,0.2233724537322912,0.277016472991589,0.49961107327611987,0,0.022901163050874366,0.6878672889981969,0.2892315479509287,0,0.04938629925638162,0.12313680839158278,-0.28891758511895116,-0.2712845022219415,0,0,0.1292,0.0543,0.499,0.1024,0.0372,9,MNST
GL,Globe Life Inc.,Financial Services,181.0,14053701632,0.0802614525153775,0.003431510586985666,0.041846481551181584,0.9058513736021655,8,0,True,False,0.28581791802684076,0.09582893347412882,0.004686373467916366,0.0,0.014450867052023121,0.0,0.00021992522542335605,0.0009420631182289214,0.09490737171653227,0.38830762510647926,0.5167850031769884,0,0.0001230576461595102,0.7123723379660952,0.2875046043877451,0,0.19664307435940892,0.14705929371794715,0.6562976319226439,0,0.012176953911696884,0.5363587103799103,0.4514643357083928,0,0.04751521468134589,0.1044100141355529,-0.3546295891010208,-0.44947096967996547,0,0,0.1292,0.0543,0.499,0.094,0.0276,10,HOOD
UNP,Union Pacific Corporation,Industrials,293.68,174468087808,0.0802614525153775,0.006287160585249088,0.04327430655031329,0.9064270045882681,8,0,True,False,0.28581791802684076,0.09582893347412882,0.004686373467916366,0.0,0.025559105431309903,0.0,0.0029498525073746312,0.0,0.07983742624626865,0.47891838709796675,0.44124418665576465,0,0.0005345317732308422,0.8651214667693604,0.13434400145740874,0,0.21311439135712998,0.3001653721171977,0.48672023652567226,0,0.006397048305772284,0.688928945146111,0.3046740065481167,0,0.040185979009749746,0.10975571983145113,-0.24760811504683694,-0.28594140170544335,0,0,0.1292,0.0543,0.499,0.1201,0.0428,8,BLDR
FDX,FedEx Corporation,Industrials,334.64,79169527808,0.07985675512514266,0.01868218528283326,0.04926947020398796,0.9083467185212055,8,0,True,True,0.27991886409736305,0.09633911368015415,0.007002528690916164,0.0,0.08433734939759036,0.002070393374741201,0.00021992522542335605,0.0,0.0978407300501902,0.40755424283410263,0.49460502711570714,0,0.00012865340207873755,0.7190404205099784,0.28083092608794274,0,0.24286677753184852,0.2311405070387727,0.5259927154293788,0,0.006536638462940062,0.7365158614964273,0.25694750004063266,0,0.04898469172613447,0.12470170799739429,-0.3387332848756905,-0.26676839973761146,0,0,0.1292,0.0543,0.499,0.1201,0.0428,8,BLDR
ICE,Intercontinental Exchange Inc.,Financial Services,154.73,86864568320,0.07976093888877091,0.024182861807472696,0.051971900348121804,0.9087924819720241,8,0,True,True,0.27991886409736305,0.09582893347412882,0.007002528690916164,8.05607024893257e-05,0.09619047619047619,0.0078125,0.005197505197505198,0.0009420631182289214,0.10483796974215714,0.3737001841132055,0.5214618461446375,0,0.00013477656509344735,0.806853679953939,0.19301154348096747,0,0.21858208003722257,0.210662253988488,0.5707556659742895,0,0.03196728992080248,0.6155061322050701,0.3525265778741274,0,0.052486373153625296,0.12527468497901253,-0.3047503216591772,-0.3363664369451959,0,0,0.1292,0.0543,0.499,0.094,0.0276,10,HOOD
LIN,Linde plc,Basic Materials,482.74,222533550080,0.07962618873306562,0.015314213937117509,0.04747020133509157,0.9069369671731473,8,0,True,False,0.28581791802684076,0.09582893347412882,0.0024,0.0,0.06437291897891233,0.0006709158000670916,0.004898958971218616,0.0,0.10374211100059266,0.4798254140879346,0.4164324749114727,0,0.0,0.8515781056928531,0.14842189430714686,0,0.24431376587298773,0.28647843003461043,0.46920780409240176,0,0.03391944023120445,0.7281593005696535,0.2379212591991419,0,0.05187105550029633,0.13911660305209608,-0.23055612910901346,-0.21444792859367573,0,0,0.1292,0.0543,0.499,0.1299,0.0466,6,MOS
WRB,W.R. Berkley Corporation,Financial Services,70.51,26175252480,0.07962618873306562,0.011889627153637242,0.04575790794335143,0.9071599690300804,8,0,True,False,0.28581791802684076,0.09582893347412882,0.0024,0.0,0.04355203619909502,0.0006709158000670916,0.005197505197505198,0.0034569453174104338,0.082476220751393,0.42695750773488345,0.49056627151372356,0,0.00014132723679712988,0.8798653921481696,0.1199932806150332,0,0.21434949228971745,0.2569873004106727,0.5286632072996097,0,0.03310427604186728,0.618325814176448,0.34856990978168473,0,0.04130877399409507,0.12372688416579236,-0.26397100207028334,-0.3148896743748548,0,0,0.1292,0.0543,0.499,0.094,0.0276,10,HOOD
AIZ,"Assurant, Inc.",Financial Services,282.38,13928045568,0.07958358563542371,0.009424305635699695,0.044503945635561704,0.906515541988176,8,0,True,False,0.28581791802684076,0.09582893347412882,0.002162421912542047,8.05607024893257e-05,0.04355203619909502,0.0,0.00021992522542335605,0.0,0.0978407300501902,0.40755424283410263,0.49460502711570714,0,0.00014051700079378946,0.854439671067265,0.1454198119319411,0,0.19819751945118003,0.22575444891213803,0.576048031636682,0,0.0038346619875220447,0.595519853556175,0.4006454844563032,0,0.048990623525491994,0.10101609071935104,-0.27102179599833215,-0.38733066732714155,0,0,0.1292,0.0543,0.499,0.094,0.0276,10,HOOD
HSY,The Hershey Company,Consumer Defensive,184.22,37014528000,0.079093992866559,0.023212760154350538,0.05115337651045476,0.9072022137113912,8,0,True,False,0.27991886409736305,0.09582893347412882,0.004686373467916366,0.0,0.10530749789385004,0.0006709158000670916,0.0015278838808250573,0.0,0.1098785052037119,0.39816537881889125,0.49195611597739697,0,0.0001381436624289946,0.8270111522419865,0.1728507040955844,0,0.2531304466441896,0.20755854344119362,0.5393110099146167,0,0.012733381017053234,0.6365931130965286,0.3506735058864184,0,0.055008324433070445,0.13293191383062142,-0.27739508560342024,-0.31206034406989613,0,0,0.1292,0.0543,0.499,0.1024,0.0372,9,MNST
HRL,Hormel Foods Corporation,Consumer Defensive,24.54,13503975424,0.07811015600567722,0.024102808263249086,0.05110648213446316,0.91283007071824,8,0,True,True,0.26707132018209406,0.09582893347412882,0.01029654036243822,0.0,0.09619047619047619,0.0078125,0.004898958971218616,0.0009420631182289214,0.09855475571088712,0.4032306705041489,0.4982145737849639,0,0.005529755563087093,0.8133121008231718,0.1811581436137411,0,0.21294254800353307,0.22405401328427402,0.5630034387121929,0,0.034791164395679905,0.6498337261294781,0.315375109474842,0,0.052042255636987104,0.1238668561996065,-0.28764410306236543,-0.31532241789391097,0,0,0.1292,0.0543,0.499,0.1024,0.0372,9,MNST
COO,"The Cooper Companies, Inc.",Healthcare,76.17,14855482368,0.0764861445623649,0.009582279779556151,0.043034212170960526,0.9091432364246268,8,0,True,True,0.27991886409736305,0.08461538461538462,0.00473186119873817,0.0,0.04355203619909502,0.0006709158000670916,0.00021992522542335605,0.0,0.0767683772009197,0.4380614018828435,0.48517022091623685,0,0.00014402707818664848,0.9144334881165569,0.08542248480525648,0,0.20339561851366098,0.21691907306199065,0.5796853084243483,0,0.006389103346157443,0.6893152869165694,0.30429560973727315,0,0.03845620213955317,0.10489236092990921,-0.2468401507211935,-0.3370980981509015,0,0,0.1292,0.0543,0.499,0.1232,0.0467,7,MRNA
CINF,Cincinnati Financial Corporatio,Financial Services,173.17,26577793024,0.07585010928769158,0.007232833241175083,0.04154147126443333,0.912336469192843,8,0,True,False,0.26707132018209406,0.09582893347412882,0.002162421912542047,0.0,0.025559105431309903,0.0006709158000670916,0.004898958971218616,0.0009420631182289214,0.08356520603165929,0.4193912682375036,0.4970435257308372,0,0.00013900062686125265,0.8480482708423727,0.15181272853076597,0,0.20956913335595473,0.22501433338332733,0.565416533260718,0,0.03179219376751152,0.617612141109223,0.3505956651232653,0,0.04185210332926027,0.12068066356173313,-0.28257602380154134,-0.3373254356302585,0,0,0.1292,0.0543,0.499,0.094,0.0276,10,HOOD
DOC,"Healthpeak Properties, Inc.",Real Estate,20.79,14739014656,0.07558743662039255,0.005404746560378203,0.04049609159038538,0.9119383913221907,8,0,True,False,0.26707132018209406,0.09582893347412882,0.0012170385395537525,0.0,0.014129736673089274,0.0,0.005197505197505198,0.0034569453174104338,0.09490737171653227,0.38830762510647926,0.5167850031769884,0,0.0,0.9173820579831374,0.08261794201686253,0,0.23160935400917165,0.213539355780533,0.5548512902102953,0,0.033861558348748946,0.6095947636151219,0.35654367803612913,0,0.047453685858266134,0.1327354561789603,-0.25224778673865933,-0.32296202794425194,0,0,0.1292,0.0543,0.499,0.084,0.0224,11,CSGP
AME,"AMETEK, Inc.",Industrials,254.79,58398633984,0.07275193548106441,0.002240652083183997,0.037496293782124206,0.9087128888907844,8,0,True,False,0.27991886409736305,0.06869009584664537,0.004686373467916366,0.0,0.010145566828407587,0.0,0.00021992522542335605,0.0,0.07482269330743853,0.42695879629084954,0.4982185104017119,0,0.0001394193656795375,0.903657984361081,0.09620259627323942,0,0.20825950103066437,0.304669502575948,0.48707099639338775,0,0.0063070885076751335,0.693303445376674,0.30038946611565087,0,0.037481056336559036,0.10728329476916976,-0.25972949700091663,-0.2864469364853496,0,0,0.1292,0.0543,0.499,0.1201,0.0428,8,BLDR
DGX,Quest Diagnostics Incorporated,Healthcare,234.4,25871515648,0.0727372199415181,0.009933001767789709,0.041335110854653904,0.9185306530713694,8,0,True,False,0.24779874213836486,0.09582893347412882,0.004686373467916366,0.0,0.04355203619909502,0.0006709158000670916,0.0015278838808250573,0.0,0.09709179091017872,0.4044345469367026,0.49847366215311856,0,0.0,0.8129903832191155,0.1870096167808845,0,0.23726775965787644,0.20511520060104665,0.557617039741077,0,0.021805032215416055,0.6417514447039083,0.3364435230806756,0,0.04854589545508936,0.12953639593664626,-0.2941957440119122,-0.3174938854742301,0,0,0.1292,0.0543,0.499,0.1232,0.0467,7,MRNA
PH,Parker-Hannifin Corporation,Industrials,1055.85,133128314880,0.07244195702703116,0.00435205659581074,0.03839700681142095,0.9074402465187131,8,0,True,False,0.28581791802684076,0.06236786469344608,0.004686373467916366,0.0,0.014129736673089274,0.0,0.004898958971218616,0.0,0.07736575440844166,0.44416668308218776,0.4784675625093706,0,0.0,0.8841783027151735,0.11582169728482636,0,0.20900005357623394,0.26465893639516097,0.526341010028605,0,0.022340682608100022,0.6329509083218916,0.3447084090700083,0,0.03868287720422083,0.11567036809216698,-0.25846175269287763,-0.31985434145713965,0,0,0.1292,0.0543,0.499,0.1201,0.0428,8,BLDR
SNA,Snap-On Incorporated,Industrials,403.56,20874997760,0.07210195615920623,0.006135417350220316,0.03911868675471327,0.9179745684070283,8,0,True,True,0.24779874213836486,0.09582893347412882,0.0024,0.0,0.027522935779816515,0.0006709158000670916,0.00021992522542335605,0.0,0.07656351907870511,0.43956094753181413,0.4838755333894807,0,0.0,0.9042408064820459,0.0957591935179542,0,0.21226043101940326,0.26878758618060816,0.5189519827999887,0,0.013108227145024657,0.6947614127225922,0.2921303601323832,0,0.038281759539352554,0.11268432908221396,-0.2515356039143649,-0.29285684238397197,0,0,0.1292,0.0543,0.499,0.1201,0.0428,8,BLDR
MGM,MGM Resorts International,Consumer Cyclical,44.1,11095239680,0.07205462601414969,0.006084638806675572,0.039069632410412634,0.9180940332209333,8,0,True,False,0.24779874213836486,0.09582893347412882,0.002229654403567447,0.0,0.019847328244274813,0.0006709158000670916,0.005197505197505198,0.0009420631182289214,0.09966228221726506,0.4251034529674394,0.4752342648152955,0,0.0001398301883396453,0.8502633806249076,0.14959678918675284,0,0.20819850378730667,0.21221777992219676,0.5795837162904965,0,0.03377220244854917,0.6208771862784848,0.34535061127296623,0,0.04990105620280235,0.12098535311792792,-0.2625144707982218,-0.34148181066380345,0,0,0.1292,0.0543,0.499,0.137,0.0573,5,CVNA
SBUX,Starbucks Corporation,Consumer Cyclical,107.69,122766606336,0.07205066115561477,0.004617112827518369,0.03833388699156657,0.9090873388217945,8,0,True,False,0.27991886409736305,0.06869009584664537,0.002162421912542047,0.0,0.014129736673089274,0.0,0.004898958971218616,0.0009420631182289214,0.0846100694158846,0.44067918694443564,0.4747107436396799,0,0.0003781800811289464,0.867060065524788,0.13256175439408316,0,0.2175605843696544,0.27483749280999586,0.5076019228203497,0,0.023078140949807945,0.6324734670302986,0.34444839201989347,0,0.04249412474850677,0.12031936265973117,-0.26114212426837474,-0.3057057947603904,0,0,0.1292,0.0543,0.499,0.137,0.0573,5,CVNA
REGN,"Regeneron Pharmaceuticals, Inc.",Healthcare,803.48,82722275328,0.07108976253885975,0.005581554886887875,0.03833565871287381,0.9097754449278453,8,0,True,False,0.27991886409736305,0.058823529411764705,0.007002528690916164,0.0,0.019847328244274813,0.0,0.004898958971218616,0.0,0.09961788544933765,0.4149569597059671,0.48542515484469523,0,0.0,0.8722772744825134,0.12772272551748662,0,0.21703892742625913,0.26328636116522885,0.5196747114085121,0,0.007822913767136203,0.7217500771554523,0.2704270090774115,0,0.04980894272466883,0.11243092059669767,-0.2567649974564221,-0.2826199396462641,0,0,0.1292,0.0543,0.499,0.1232,0.0467,7,MRNA
WFC,Wells Fargo & Company,Financial Services,88.82,268591611904,0.07087627224985857,0.009424305635699695,0.04015028894277913,0.913898858240084,8,0,True,False,0.26707132018209406,0.06869009584664537,0.007002528690916164,8.05607024893257e-05,0.04355203619909502,0.0,0.00021992522542335605,0.0,0.07539955709933499,0.43025053920098355,0.4943499036996815,0,0.004290800738061862,0.8537060654308352,0.14200313383110297,0,0.20230450518061682,0.25058811362675076,0.5471073811926325,0,0.013570372552094744,0.720554271419611,0.2658753560282943,0,0.039845178918698425,0.10793743886635579,-0.2783313398466938,-0.2985539297441076,0,0,0.1292,0.0543,0.499,0.094,0.0276,10,HOOD
LH,Labcorp Holdings Inc.,Healthcare,318.13,25800343552,0.07068252143833241,0.01467533474754507,0.04267892809293874,0.9139941040122795,8,0,True,False,0.26707132018209406,0.06796116504854369,0.007002528690916164,0.0,0.06437291897891233,0.0006709158000670916,0.0015278838808250573,0.0009420631182289214,0.09656335316763609,0.3950829705076679,0.5083536763246959,0,0.00013663247547356162,0.850637069946321,0.14922629757820519,0,0.23160935400917165,0.213539355780533,0.5548512902102953,0,0.02256332356702594,0.6777198248997526,0.29971685153322136,0,0.048349992821554826,0.1270863387880988,-0.2804399941298957,-0.3001977320836595,0,0,0.1292,0.0543,0.499,0.1232,0.0467,7,MRNA
WM,"Waste Management, Inc.",Industrials,224.55,89756049408,0.07063923359590077,0.009933001767789709,0.040286117681845236,0.9097957463932745,8,0,True,False,0.27991886409736305,0.06236786469344608,0.0024,0.0,0.04355203619909502,0.0006709158000670916,0.0015278838808250573,0.0,0.07965489106977953,0.5188477177392671,0.40149739119095323,0,0.00014346253776634777,0.9301291162839896,0.06972742117824395,0,0.22363807186259585,0.34357367949442985,0.43278824864297427,0,0.03487649585327494,0.7500561273242612,0.21506737682246382,0,0.03989917680377294,0.1292572838579354,-0.19571322938082567,-0.19467052887478364,0,0,0.1292,0.0543,0.499,0.1201,0.0428,8,BLDR
GRMN,Garmin Ltd.,Technology,310.2,59823996928,0.07059768260177961,0.02602473822154608,0.04831121041166284,0.9389127037578251,8,0,True,False,0.17337461300309598,0.1237144134744373,0.026459143968871595,8.05607024893257e-05,0.08433734939759036,0.0,0.0226628895184136,0.006440532417346501,0.16825908509188428,0.2490716757737077,0.582669239134408,0,0.0001342974762310175,0.750584999870275,0.24928070265349395,0,0.28185928488517376,0.06083941271526876,0.6573013023995574,0,0.033654427270240275,0.4764348901065205,0.48991068262323934,0,0.08419669128405764,0.157756856077707,-0.33177827960989337,-0.41584913643369137,0,0,0.1292,0.0543,0.499,0.2074,0.1051,1,SMCI
EXR,Extra Space Storage Inc,Real Estate,147.9,32641904640,0.07046382514495926,0.0030973991862971134,0.03678061216562819,0.9177521101995133,8,0,True,False,0.24779874213836486,0.09022556390977443,0.0012170385395537525,0.0,0.014129736673089274,0.0,0.00021992522542335605,0.0,0.07388761078990201,0.42162295914743686,0.5044894300626611,0,0.0,0.9042408064820459,0.0957591935179542,0,0.22521287332915174,0.29180599018423714,0.4829811364866111,0,0.006457371145569098,0.727584415023904,0.265958213830527,0,0.036943805394951006,0.11583512223736042,-0.2631805063953566,-0.2586345529212086,0,0,0.1292,0.0543,0.499,0.084,0.0224,11,CSGP
BDX,"Becton, Dickinson and Company",Healthcare,183.4,49955741696,0.07020932622764665,0.02215619132056941,0.04618275877410803,0.9127496890203892,8,0,True,False,0.26707132018209406,0.06869009584664537,0.004686373467916366,0.0,0.09619047619047619,0.0006709158000670916,0.004898958971218616,0.0,0.09863575722781319,0.4207248725469946,0.4806393702251921,0,0.00013989476814543764,0.8881972918919376,0.11166281333991689,0,0.2432653961461889,0.21030008713264386,0.5464345167211673,0,0.02256332356702594,0.6777198248997526,0.29971685153322136,0,0.049387825997979314,0.1329143598566074,-0.24676326578457516,-0.2901613242705869,0,0,0.1292,0.0543,0.499,0.1232,0.0467,7,MRNA
RTX,RTX Corporation,Industrials,222.97,300509626368,0.070137748618879,0.015314213937117509,0.04272598127799826,0.9101193849255877,8,0,True,False,0.27991886409736305,0.05750350631136045,0.004686373467916366,0.0,0.06437291897891233,0.0006709158000670916,0.004898958971218616,0.0,0.07585435934052374,0.45502528247409624,0.46912035818538006,0,0.00014402707818664848,0.9144334881165569,0.08542248480525648,0,0.20900005357623394,0.26465893639516097,0.526341010028605,0,0.022018608906113193,0.6480372941562685,0.32994409693761834,0,0.03799919320935519,0.11550933124117357,-0.23927222828596306,-0.3126332222419381,0,0,0.1292,0.0543,0.499,0.1201,0.0428,8,BLDR
NSC,Norfolk Southern Corporation,Industrials,334.41,75111284736,0.069508051902197,0.0030973991862971134,0.03630272554424706,0.9128666855551655,8,0,True,False,0.26707132018209406,0.06869009584664537,0.002162421912542047,0.0,0.014129736673089274,0.0,0.00021992522542335605,0.0,0.07861733211682807,0.5120893744972029,0.40929329338596904,0,0.00013939500216473243,0.8476171504175659,0.15224345458026917,0,0.21972188501739703,0.33755726774133926,0.4427208472412637,0,0.006202158178827006,0.6691459212522077,0.32465192056896536,0,0.0393783635594964,0.11296202159811201,-0.24139001042362268,-0.2707243623070025,0,0,0.1292,0.0543,0.499,0.1201,0.0428,8,BLDR
RSG,"Republic Services, Inc.",Industrials,214.71,65746993152,0.069508051902197,0.014410278515837437,0.04195916520901722,0.9135819240978539,8,0,True,False,0.26707132018209406,0.06869009584664537,0.002162421912542047,0.0,0.06437291897891233,0.0006709158000670916,0.0015278838808250573,0.0,0.08193486920736076,0.49150025561734634,0.42656487517529285,0,0.00013890655414465405,0.8819230829923369,0.11793801045351841,0,0.23058226833083592,0.34986796750334864,0.4195497641658154,0,0.013649792095501238,0.724771258905847,0.26157894899865186,0,0.04103688788075271,0.12211603021316858,-0.23121455493365292,-0.21844832636906505,0,0,0.1292,0.0543,0.499,0.1201,0.0428,8,BLDR
NDAQ,"Nasdaq, Inc.",Financial Services,97.02,54231982080,0.06943647429342936,0.004326897477374247,0.036881685885401805,0.9092454096653204,8,0,True,False,0.27991886409736305,0.05750350631136045,0.002162421912542047,0.0,0.019847328244274813,0.0,0.00021992522542335605,0.0,0.06477895579343848,0.446837893875097,0.4883831503314646,0,0.00013541089951705351,0.8597290366045801,0.14013555249590276,0,0.20215609073553728,0.25599235523810837,0.5418515540263544,0,0.005912722317700563,0.6367695466047526,0.35731773107754694,0,0.032457183346477764,0.10403440652661892,-0.2818021680672059,-0.34555023602533175,0,0,0.1292,0.0543,0.499,0.094,0.0276,10,HOOD
MSFT,Microsoft Corporation,Technology,495.4,3678615371776,0.06910098744702335,0.02581092662532127,0.04745595703617231,0.9390068074507745,8,0,True,False,0.16581196581196583,0.1237144134744373,0.026459143968871595,8.05607024893257e-05,0.09619047619047619,0.0,0.01549053356282272,0.0034569453174104338,0.2012273138139498,0.26825585579832534,0.5305168303877249,0,0.007946909046203725,0.8074021047126373,0.18465098624115897,0,0.2615863183685034,0.08596232076257711,0.6524513608689195,0,0.0339043474035302,0.47997292895898014,0.48612272363748976,0,0.10458711143007676,0.1477453328860168,-0.25299679688436516,-0.4215417093671878,0,0,0.1292,0.0543,0.499,0.2074,0.1051,1,SMCI
IEX,IDEX Corporation,Industrials,238.94,17614632960,0.06863616314850667,0.002759833588622457,0.03569799836856456,0.9090234784934044,8,0,True,False,0.27991886409736305,0.054078826764436295,0.002162421912542047,0.0,0.01092896174863388,0.0,0.0015278838808250573,0.0,0.0769326674668088,0.46149369726294603,0.46157363527024525,0,0.00013768639349637913,0.840030081588616,0.15983223201788743,0,0.20919492566881276,0.3130362899093534,0.4777687844218339,0,0.011444153184779085,0.7154372782906925,0.27311856852452826,0,0.038535176930152584,0.11031953942679593,-0.2721677567139138,-0.26512413704638516,0,0,0.1292,0.0543,0.499,0.1201,0.0428,8,BLDR
CSX,CSX Corporation,Industrials,50.16,92920135680,0.06792677629146862,0.006084638806675572,0.0370057075490721,0.9256651508900064,8,0,True,False,0.2234920634920635,0.09582893347412882,0.004686373467916366,0.0,0.019847328244274813,0.0006709158000670916,0.005197505197505198,0.0009420631182289214,0.0769326674668088,0.46149369726294603,0.46157363527024525,0,0.00014051700079378946,0.854439671067265,0.1454198119319411,0,0.21715149324178531,0.2749811890217004,0.5078673177365144,0,0.012912944499412809,0.6844110544899772,0.30267600101061,0,0.03853659223380129,0.11503221887059906,-0.2649601313672919,-0.29023944050296313,0,0,0.1292,0.0543,0.499,0.1201,0.0428,8,BLDR
EXPD,Expeditors International of Was,Industrials,186.12,24193853440,0.06703870113273958,0.007154912641542237,0.037096806887140905,0.9200916500823201,8,0,True,False,0.24779874213836486,0.06869009584664537,0.007002528690916164,0.0,0.025559105431309903,0.0,0.005197505197505198,0.0009420631182289214,0.09656335316763609,0.3950829705076679,0.5083536763246959,0,0.00013350423779637932,0.7842907735541336,0.2155757222080699,0,0.2039910516285607,0.2175540955875412,0.5784548527838981,0,0.03605626452245,0.6320984690762402,0.3318452664013097,0,0.04834842870271623,0.12002365807550536,-0.31361627056366664,-0.33512640151709855,0,0,0.1292,0.0543,0.499,0.1201,0.0428,8,BLDR
NDSN,Nordson Corporation,Industrials,308.72,17201244160,0.06558467047538367,0.0009587114842184914,0.03327169097980108,0.9190463678129115,8,0,True,False,0.24779874213836486,0.06236786469344608,0.007002528690916164,8.05607024893257e-05,0.0041841004184100415,0.0,0.00021992522542335605,0.0,0.07656351907870511,0.43956094753181413,0.4838755333894807,0,0.0005282289738710827,0.8890695781907282,0.11040219283540081,0,0.17699258413223007,0.31835579154566773,0.5046516243221022,0,0.004247285989269783,0.7672659537894934,0.228486760221237,0,0.0385458740262881,0.09061993506074993,-0.25859298908615264,-0.2759492572109197,0,0,0.1292,0.0543,0.499,0.1201,0.0428,8,BLDR
FITB,Fifth Third Bancorp,Financial Services,58.06,52635627520,0.06511236331510395,0.002240652083183997,0.03367650769914397,0.921112163251412,8,0,True,False,0.24113475177304963,0.06869009584664537,0.00473186119873817,8.05607024893257e-05,0.010145566828407587,0.0,0.00021992522542335605,0.0,0.07482269330743853,0.42695879629084954,0.4982185104017119,0,0.0003833225660020783,0.8652523510623203,0.1343643263716775,0,0.19624043413623468,0.24850129790649209,0.5552582679572734,0,0.004123970411617551,0.7103805532870778,0.2854954763013047,0,0.037603007936720306,0.10018220227392612,-0.2786884104499744,-0.32019466985536293,0,0,0.1292,0.0543,0.499,0.094,0.0276,10,HOOD
A,"Agilent Technologies, Inc.",Healthcare,148.53,41949614080,0.06493599250179782,0.019607321056869912,0.042271656779333866,0.9304840117732062,8,0,True,False,0.20512820512820512,0.09582893347412882,0.007002528690916164,0.0,0.08433734939759036,0.0006709158000670916,0.004898958971218616,0.0,0.09836063892255445,0.3838239501407314,0.517815410936714,0,0.000377579575568529,0.8522890235270195,0.14733339689741193,0,0.22522605233265885,0.20765407479269624,0.567119872874645,0,0.02256332356702594,0.6777198248997526,0.29971685153322136,0,0.04936910924906149,0.1238946879498424,-0.2832052946680015,-0.3095236742540908,0,0,0.1292,0.0543,0.499,0.1232,0.0467,7,MRNA
JNJ,Johnson & Johnson,Healthcare,260.35,627417088000,0.06421645012772212,0.0030973991862971134,0.03365692465700962,0.9192546671775683,8,0,True,False,0.24779874213836486,0.06236786469344608,0.002162421912542047,0.0,0.014129736673089274,0.0,0.00021992522542335605,0.0,0.06821096609494015,0.502119623813894,0.4296694100911659,0,0.00013890655414465405,0.8819230829923369,0.11793801045351841,0,0.20341316620768107,0.2540978360539984,0.5424889977383206,0,0.0061280272973507025,0.6831190505021566,0.3107529222004928,0,0.0341749363245424,0.10477059675251589,-0.23962877394779974,-0.3218503632168908,0,0,0.1292,0.0543,0.499,0.1232,0.0467,7,MRNA
ESS,"Essex Property Trust, Inc.",Real Estate,287.52,19817658368,0.060883444580524394,0.0006870026980015611,0.030785223639262976,0.9261605498654415,8,0,True,False,0.2234920634920635,0.06869009584664537,0.002162421912542047,0.0,0.0029205607476635513,0.0,0.00021992522542335605,0.0,0.07781217127636325,0.44618129264213474,0.4760065360815019,0,0.0,0.7628149391607653,0.23718506083923468,0,0.20811650677729304,0.3157801324323733,0.4761033607903336,0,0.004245862233952514,0.7741389033744887,0.2216152343915589,0,0.038906085638181626,0.10618118450562278,-0.31768971282218667,-0.24267811308532347,0,0,0.1292,0.0543,0.499,0.084,0.0224,11,CSGP
HIG,"The Hartford Insurance Group, I",Financial Services,138.02,37835538432,0.05940600647767262,0.007664810202173585,0.033535408339923106,0.9275400080035193,8,0,True,False,0.2234920634920635,0.06236786469344608,0.002162421912542047,0.0,0.03536977491961415,0.0,0.00021992522542335605,0.0,0.07861733211682807,0.5120893744972029,0.40929329338596904,0,0.0,0.893435065234429,0.10656493476557095,0,0.21049932135998153,0.3079462075628291,0.48155447107718946,0,0.011536904635950695,0.7532286804960431,0.23523441486800614,0,0.03930866605841404,0.11101811299796611,-0.21862044801735595,-0.24737632997463166,0,0,0.1292,0.0543,0.499,0.094,0.0276,10,HOOD
MCD,McDonald's Corporation,Consumer Cyclical,272.83,193065828352,0.05940600647767262,0.004326897477374247,0.031866451977523434,0.9272227770984351,8,0,True,False,0.2234920634920635,0.06236786469344608,0.002162421912542047,0.0,0.019847328244274813,0.0,0.00021992522542335605,0.0,0.0769326674668088,0.46149369726294603,0.46157363527024525,0,0.0005350509555607344,0.8497679776496982,0.14969697139474103,0,0.20296952226463139,0.2858766214287134,0.5111538563066552,0,0.00609691092734445,0.6566057051711013,0.3372973839015543,0,0.03873385921118477,0.10453321659598792,-0.2669014441213084,-0.31969240350811684,0,0,0.1292,0.0543,0.499,0.137,0.0573,5,CVNA
PLD,"Prologis, Inc.",Real Estate,141.03,137094045696,0.0591433338103736,0.002240652083183997,0.0306919929467788,0.9267846387096708,8,0,True,False,0.2234920634920635,0.06236786469344608,0.0012170385395537525,0.0,0.010145566828407587,0.0,0.00021992522542335605,0.0,0.07736575440844166,0.44416668308218776,0.4784675625093706,0,0.0,0.8409117664371063,0.15908823356289362,0,0.234118616714601,0.2903433811121398,0.47553800217325914,0,0.006717559282191965,0.7569011182012966,0.2363813225165115,0,0.03868287720422083,0.12041808799839648,-0.2800950208319113,-0.23554157434648884,0,0,0.1292,0.0543,0.499,0.084,0.0224,11,CSGP
VICI,VICI Properties Inc.,Real Estate,26.36,29024403456,0.05726780261221878,0.002240652083183997,0.02975422734770139,0.9323152720328277,8,0,True,False,0.20512820512820512,0.06869009584664537,0.002229654403567447,0.0,0.010145566828407587,0.0,0.00021992522542335605,0.0,0.09656335316763609,0.3950829705076679,0.5083536763246959,0,0.0,0.7714115202495196,0.22858847975048027,0,0.2106486998914032,0.29669251797711377,0.4926587821314831,0,0.0066393816470289285,0.7480924516920034,0.2452681666609676,0,0.048281676583818045,0.10864404076921606,-0.32018940145377,-0.2603194336270093,0,0,0.1292,0.0543,0.499,0.084,0.0224,11,CSGP
NI,NiSource Inc,Utilities,42.5,20381304832,0.05720627390611727,0.003362455418004743,0.030284364662061008,0.9273149490170882,8,0,True,False,0.2234920634920635,0.054078826764436295,0.0012170385395537525,0.0,0.014129736673089274,0.0,0.00021992522542335605,0.0009420631182289214,0.07736575440844166,0.44416668308218776,0.4784675625093706,0,0.0,0.9042408064820459,0.0957591935179542,0,0.2423270801751907,0.3720527306598875,0.38562018916492186,0,0.007553167224659626,0.9674650167107134,0.02498181606462704,0,0.03868287720422083,0.12494012369992516,-0.24843050080944157,-0.08036087891484929,0,0,0.1292,0.0543,0.499,0.058,0.0155,12,NRG
ETR,Entergy Corporation,Utilities,107.84,50321539072,0.055771684111285774,0.009892104032031064,0.032831894071658416,0.9338724966662882,8,0,True,False,0.20512820512820512,0.06236786469344608,0.002162421912542047,0.0,0.03536977491961415,0.0,0.004898958971218616,0.0034569453174104338,0.09709179091017872,0.4044345469367026,0.49847366215311856,0,0.0,0.8454246391753911,0.15457536082460893,0,0.23410876182059237,0.2707967197605429,0.4950945184188646,0,0.01225662968695132,0.8857391824578289,0.10200418785521986,0,0.04854589545508936,0.12318269575377185,-0.2779786160337744,-0.1753666573832704,0,0,0.1292,0.0543,0.499,0.058,0.0155,12,NRG
PSA,Public Storage,Real Estate,325.93,60866039808,0.055771684111285774,0.002031795569545626,0.0289017398404157,0.9326182328693972,8,0,True,False,0.20512820512820512,0.06236786469344608,0.002162421912542047,0.0,0.009174311926605505,0.0,0.00021992522542335605,0.0,0.0735604858442063,0.4069445260084685,0.5194949881473252,0,0.0,0.8129903832191155,0.1870096167808845,0,0.2127343639065757,0.22383496602076292,0.5634306700726612,0,0.012474836621744832,0.6478725828193185,0.3396525805589368,0,0.03678024292210315,0.11260460026416028,-0.31647205954200175,-0.33893702505163875,0,0,0.1292,0.0543,0.499,0.084,0.0224,11,CSGP
PEP,"Pepsico, Inc.",Consumer Defensive,140.79,192319127552,0.05551391481017507,0.007664810202173585,0.03158936250617433,0.933363232369528,8,0,True,False,0.20512820512820512,0.06126482213438734,0.002162421912542047,0.0,0.03536977491961415,0.0,0.00021992522542335605,0.0,0.07490789026067082,0.4835322284248786,0.4415598813144506,0,0.00013890655414465405,0.8819230829923369,0.11793801045351841,0,0.21715149324178531,0.2749811890217004,0.5078673177365144,0,0.006290966660951505,0.7088347865964093,0.28487424674263917,0,0.03752339840740774,0.1117212299513684,-0.24222554747657676,-0.2846495522882084,0,0,0.1292,0.0543,0.499,0.1024,0.0372,9,MNST
AVB,"AvalonBay Communities, Inc.",Real Estate,184.06,26283393024,0.05494341069521682,0.0008647632555224946,0.027904086975369658,0.9325120560010974,8,0,True,False,0.20512820512820512,0.058823529411764705,0.002162421912542047,0.0,0.004021447721179625,0.0,0.0,0.0,0.08396184583398913,0.4346481945403038,0.4813899596257071,0,0.0,0.6106382763664614,0.3893617236335387,0,0.21308903744890123,0.3575547371130483,0.42935622543805047,0,0.002225345224262583,0.8971725975854055,0.10060205719033183,0,0.04198092291699457,0.1076571913365819,-0.3933949187126283,-0.15732194997760923,0,0,0.1292,0.0543,0.499,0.084,0.0224,11,CSGP
CNP,"CenterPoint Energy, Inc (Holdin",Utilities,40.83,26895548416,0.054680738027917807,0.004942675697315434,0.02981170686261662,0.933286640030506,8,0,True,False,0.20512820512820512,0.058823529411764705,0.0012170385395537525,0.0,0.019847328244274813,0.0,0.0015278838808250573,0.0009420631182289214,0.08396184583398913,0.4346481945403038,0.4813899596257071,0,0.0,0.9173820579831374,0.08261794201686253,0,0.234118616714601,0.2903433811121398,0.47553800217325914,0,0.01502464624872898,0.9222020233849885,0.06277333036628249,0,0.04198092291699457,0.12457163148166499,-0.24002302790429023,-0.14458403478810583,0,0,0.1292,0.0543,0.499,0.058,0.0155,12,NRG
V,Visa Inc.,Financial Services,364.15,679885275136,0.054634935351952144,0.002240652083183997,0.02843779371756807,0.9328920754423985,8,0,True,False,0.20512820512820512,0.05750350631136045,0.002162421912542047,0.0,0.010145566828407587,0.0,0.00021992522542335605,0.0,0.04712598006265654,0.5030914490963612,0.4497825708409823,0,0.00013663247547356162,0.850637069946321,0.14922629757820519,0,0.19426731851553586,0.306335514099532,0.4993971673849321,0,0.004156434216579386,0.6743080886518077,0.32153547713161296,0,0.02363130626906505,0.09921187636605762,-0.27587312794052865,-0.3112544458922149,0,0,0.1292,0.0543,0.499,0.094,0.0276,10,HOOD
COST,Costco Wholesale Corporation,Consumer Defensive,961.1,426227466240,0.05357195153973043,0.013901582383747424,0.033736766961738926,0.932971085585088,8,0,True,False,0.20512820512820512,0.054078826764436295,0.0012170385395537525,0.0,0.06437291897891233,0.0,0.00021992522542335605,0.0,0.06944130728763517,0.5379124208245967,0.39264627188776824,0,0.0,0.790168006415146,0.209831993584854,0,0.21856211902036643,0.3410538632479398,0.4403840177316937,0,0.004307230727500563,0.7919863136007692,0.20370645567173035,0,0.03472065364381759,0.11143467487393349,-0.2665184790924935,-0.21061056182777854,0,0,0.1292,0.0543,0.499,0.1024,0.0372,9,MNST
NEE,"NextEra Energy, Inc.",Utilities,86.19,179758333952,0.05357195153973043,0.003166454355278036,0.02836920294750423,0.9331486637982744,8,0,True,False,0.20512820512820512,0.054078826764436295,0.0012170385395537525,0.0,0.014450867052023121,0.0,0.00021992522542335605,0.0,0.07685546957322648,0.43802007768449075,0.48512445274228266,0,0.0,0.8841783027151735,0.11582169728482636,0,0.24100433953605047,0.4043954785171925,0.3546001819467572,0,0.005121790024350985,0.9704873846937564,0.02439082528189269,0,0.03842773478661324,0.12306306478020072,-0.26204534022694126,-0.06643243883412421,0,0,0.1292,0.0543,0.499,0.058,0.0155,12,NRG
EQR,Equity Residential,Real Estate,65.97,25502982144,0.05249995458737404,0.0009237350066590043,0.02671184479701652,0.937550532530459,8,0,True,False,0.18859649122807015,0.06236786469344608,0.002162421912542047,0.0,0.004021447721179625,0.0,0.00021992522542335605,0.0,0.09863575722781319,0.4207248725469946,0.4806393702251921,0,0.0,0.6805617052027547,0.3194382947972454,0,0.21043851520274776,0.353107268598095,0.4364542161991573,0,0.003752790533913607,0.8481152533133096,0.14813195615277677,0,0.049317878613906595,0.10709565286833068,-0.35072095389731217,-0.18519743330763636,0,0,0.1292,0.0543,0.499,0.084,0.0224,11,CSGP
APD,"Air Products and Chemicals, Inc",Basic Materials,308.97,68803149824,0.05245751978622256,0.0030973991862971134,0.027777459486259835,0.9352646313641972,8,0,True,False,0.19858156028368795,0.054078826764436295,0.001869158878504673,0.0,0.014129736673089274,0.0,0.00021992522542335605,0.0,0.04911159618205396,0.5570968899669345,0.39379151385101147,0,0.0,0.8382704459573529,0.16172955404264722,0,0.21308903744890123,0.3575547371130483,0.42935622543805047,0,0.006515304726392374,0.7341120823305086,0.25937261294309905,0,0.02455579809102698,0.1098021710876468,-0.2532047358558024,-0.23456224810292794,0,0,0.1292,0.0543,0.499,0.1299,0.0466,6,MOS
MRK,"Merck & Company, Inc.",Healthcare,135.84,335140585472,0.05056289468311771,0.004634244010851268,0.02759856934698449,0.9386772557942575,8,0,True,False,0.18859649122807015,0.054078826764436295,0.002162421912542047,0.0,0.02127659574468085,0.0,0.00021992522542335605,0.0,0.06366865870478255,0.5018653502458803,0.43446599104933714,0,0.00014402707818664848,0.9144334881165569,0.08542248480525648,0,0.2025199348896002,0.24792548244466767,0.5495545826657321,0,0.006089693582745364,0.6570122052805296,0.3368981011367251,0,0.0319063428914846,0.10430481423617279,-0.2280378950358122,-0.3389215276650558,0,0,0.1292,0.0543,0.499,0.1232,0.0467,7,MRNA
MET,"MetLife, Inc.",Financial Services,97.66,62060679168,0.050300222015818685,0.002240652083183997,0.02627043704950134,0.9382376162336674,8,0,True,False,0.18859649122807015,0.054078826764436295,0.0012170385395537525,0.0,0.010145566828407587,0.0,0.00021992522542335605,0.0,0.04592772331547047,0.5418237208948326,0.4122485557896971,0,0.0,0.9165692724174601,0.08343072758253993,0,0.18643306042693028,0.2507354725223281,0.5628314670507416,0,0.00609691092734445,0.6566057051711013,0.3372973839015543,0,0.022963861657735236,0.09626498567713737,-0.2248757800283833,-0.3537994397990106,0,0,0.1292,0.0543,0.499,0.094,0.0276,10,HOOD
BLK,"BlackRock, Inc.",Financial Services,1173.73,190703173632,0.049012969322838586,0.002240652083183997,0.02562681070301129,0.9334583415817453,8,0,True,False,0.20512820512820512,0.03344607290492296,0.002162421912542047,0.0,0.010145566828407587,0.0,0.00021992522542335605,0.0,0.06902450517042627,0.42383694203527916,0.5071385527942945,0,0.0,0.9173820579831374,0.08261794201686253,0,0.20676020043063903,0.2618225871165314,0.5314172124528296,0,0.00406390772680959,0.7000343676923438,0.2959017245808466,0,0.034512252585213135,0.10541205407872431,-0.26036599482036543,-0.30824741443811376,0,0,0.1292,0.0543,0.499,0.094,0.0276,10,HOOD
EXC,Exelon Corporation,Utilities,45.86,47247446016,0.048750296655539566,0.004591953709081877,0.026671125182310722,0.9337708216483995,8,0,True,False,0.20512820512820512,0.03344607290492296,0.0012170385395537525,0.0,0.019847328244274813,0.0,0.00021992522542335605,0.0009420631182289214,0.07508300606298349,0.4503981885792756,0.47451880535774094,0,0.0,0.8939352509907208,0.10606474900927909,0,0.23133833604729548,0.4282834939514949,0.3403781700012096,0,0.007329334125202922,0.9140909439365664,0.07857972193823062,0,0.037541503031491744,0.1193338350862492,-0.2527502741520183,-0.09014511088347092,0,0,0.1292,0.0543,0.499,0.058,0.0155,12,NRG
SRE,DBA Sempra,Utilities,86.41,56503533568,0.048750296655539566,0.0030973991862971134,0.025923847920918338,0.933550823252884,8,0,True,False,0.20512820512820512,0.03344607290492296,0.0012170385395537525,0.0,0.014129736673089274,0.0,0.00021992522542335605,0.0,0.07656351907870511,0.43956094753181413,0.4838755333894807,0,0.0,0.9042408064820459,0.0957591935179542,0,0.2423270801751907,0.3720527306598875,0.38562018916492186,0,0.007519136390947615,0.9676116032449723,0.02486926036408015,0,0.038281759539352554,0.12492310828306916,-0.2515356039143649,-0.08032161648143185,0,0,0.1292,0.0543,0.499,0.058,0.0155,12,NRG
WBD,"Warner Bros. Discovery, Inc. - ",Communication Services,27.99,70174760960,0.047550389827367055,0.015314213937117509,0.03143230188224228,0.9430577582916272,8,0,True,False,0.17337461300309598,0.054078826764436295,0.002162421912542047,0.0,0.06437291897891233,0.0006709158000670916,0.004898958971218616,0.0,0.06466634209349094,0.550533834173309,0.38479982373320004,0,0.0,0.904028610818593,0.09597138918140703,0,0.23014540481510368,0.3861746277594103,0.38367996742548616,0,0.006990219377359934,0.840741453879729,0.15226832674291116,0,0.03233317104674547,0.11856781209623181,-0.20805243541055807,-0.14940633498796685,0,0,0.1292,0.0543,0.499,0.1555,0.0796,3,TTD
PFE,"Pfizer, Inc.",Healthcare,26.79,152694259712,0.04574123979892685,0.014410278515837437,0.030075759157382143,0.9384880874139545,8,0,True,False,0.18859649122807015,0.03344607290492296,0.002162421912542047,0.0,0.06437291897891233,0.0006709158000670916,0.0015278838808250573,0.0,0.06356345860056113,0.5455592013847056,0.3908773400147333,0,0.0,0.9305849253410705,0.06941507465892943,0,0.21856211902036643,0.3410538632479398,0.4403840177316937,0,0.025774533597248534,0.8385552695900611,0.13567019681269027,0,0.031781729300280566,0.12216832630880749,-0.1983644780365508,-0.16585878096338452,0,0,0.1292,0.0543,0.499,0.1232,0.0467,7,MRNA
KO,Coca-Cola Company (The),Consumer Defensive,87.71,377376571392,0.04565975731724611,0.002031795569545626,0.023845776443395868,0.938792333469708,8,0,True,False,0.18859649122807015,0.03344607290492296,0.001869158878504673,0.0,0.009174311926605505,0.0,0.00021992522542335605,0.0,0.06161074986256003,0.47729014553114957,0.46109910460629033,0,0.0,0.853226459590545,0.14677354040945495,0,0.20075042673234741,0.2936842369820522,0.5055653362856004,0,0.006515304726392374,0.7341120823305086,0.25937261294309905,0,0.030805374931280015,0.10363286572936989,-0.2731309475765926,-0.2788361088849798,0,0,0.1292,0.0543,0.499,0.1024,0.0372,9,MNST
PFG,Principal Financial Group Inc,Financial Services,113.98,24403648512,0.04547856713162783,0.002240652083183997,0.023859609607405914,0.9387942478584084,8,0,True,False,0.18859649122807015,0.03344607290492296,0.0012170385395537525,0.0,0.010145566828407587,0.0,0.00021992522542335605,0.0,0.04882130717311074,0.48077183051031996,0.4704068623165692,0,0.0,0.8820456049079132,0.11795439509208688,0,0.19624895961281114,0.2430873032050427,0.5606637371821461,0,0.0041139857428364665,0.6379217398768644,0.3579642743802991,0,0.02441065358655537,0.1001814726778238,-0.2697699751177727,-0.3591325331033988,0,0,0.1292,0.0543,0.499,0.094,0.0276,10,HOOD
ES,Eversource Energy (D/B/A),Utilities,72.36,27213152256,0.04530629494959189,0.0030973991862971134,0.0242018470679445,0.9388988103557785,8,0,True,False,0.18859649122807015,0.03344607290492296,0.0005970149253731343,0.0,0.014129736673089274,0.0,0.00021992522542335605,0.0,0.06594051830931451,0.4548502204376514,0.4792092612530342,0,0.0,0.8908677704397624,0.10913222956023776,0,0.23133833604729548,0.4282834939514949,0.3403781700012096,0,0.00737190463225077,0.9194002004538013,0.07322789491394796,0,0.032970259154657254,0.11935512033977312,-0.2612004862519787,-0.08744791211780567,0,0,0.1292,0.0543,0.499,0.058,0.0155,12,NRG
XEL,Xcel Energy Inc.,Utilities,79.17,49452298240,0.04530629494959189,0.004326897477374247,0.024816596213483068,0.9390509724142511,8,0,True,False,0.18859649122807015,0.03344607290492296,0.0005970149253731343,0.0,0.019847328244274813,0.0,0.00021992522542335605,0.0,0.06660674109239648,0.46183753747488976,0.4715557214327138,0,0.0,0.8844663981046565,0.11553360189534335,0,0.23633719613239382,0.4534352808166984,0.3102275230509078,0,0.0046268170240708366,0.9547939074156108,0.04057927556031846,0,0.03330337054619824,0.12048200657823233,-0.26024129111783034,-0.054921392727380794,0,0,0.1292,0.0543,0.499,0.058,0.0155,12,NRG
KIM,Kimco Realty Corporation (HC),Real Estate,24.41,16373968896,0.04515594706941641,0.0006870026980015611,0.022921474883708985,0.9451413019075406,8,0,True,False,0.16581196581196583,0.05209840810419682,0.0005970149253731343,0.0,0.0029205607476635513,0.0,0.00021992522542335605,0.0,0.06545894159450912,0.5253290536720823,0.4092120047334087,0,0.0,0.9177310473094631,0.08226895269053704,0,0.21690487912978978,0.3332295203685335,0.4498656005016768,0,0.006730080104684293,0.7850707444819454,0.20819917541337052,0,0.03272947079725456,0.11181747961723704,-0.2130110079147183,-0.21721490834028662,0,0,0.1292,0.0543,0.499,0.084,0.0224,11,CSGP
PRU,"Prudential Financial, Inc.",Financial Services,125.13,43169849344,0.04506685877225977,0.0030973991862971134,0.02408212897927844,0.9390036220968151,8,0,True,False,0.18859649122807015,0.030560271646859084,0.002162421912542047,0.0,0.014129736673089274,0.0,0.00021992522542335605,0.0,0.060065867469032475,0.43958759813905174,0.5003465343919158,0,0.00013940847210740627,0.8851097795441691,0.11475081198372325,0,0.20077073556356323,0.21570234971070962,0.5835269147257272,0,0.005912722317700563,0.6367695466047526,0.35731773107754694,0,0.030102637970569942,0.1033417289406319,-0.2774460352172496,-0.3670805939610051,0,0,0.1292,0.0543,0.499,0.094,0.0276,10,HOOD
UDR,"UDR, Inc.",Real Estate,37.94,14057363456,0.044990067800385704,0.0009237350066590043,0.022956901403522353,0.9451648519275426,8,0,False,False,0.16581196581196583,0.05209840810419682,0.0,0.0,0.004021447721179625,0.0,0.00021992522542335605,0.0,0.06356345860056113,0.5455592013847056,0.3908773400147333,0,0.0,0.8939352509907208,0.10606474900927909,0,0.21856211902036643,0.3410538632479398,0.4403840177316937,0,0.004445086392641023,0.8475258948970317,0.14802901871032742,0,0.031781729300280566,0.11150360270650372,-0.21668931521172563,-0.18270291551450685,0,0,0.1292,0.0543,0.499,0.084,0.0224,11,CSGP
ED,"Consolidated Edison, Inc.",Utilities,108.8,40237359104,0.04365461069238795,0.0009237350066590043,0.022289172849523475,0.9385482784271216,8,0,True,False,0.18859649122807015,0.02564102564102564,0.0012170385395537525,0.0,0.004021447721179625,0.0,0.00021992522542335605,0.0,0.062387769925026634,0.45658026913094,0.48103196094403344,0,0.0,0.8842074781916242,0.11579252180837588,0,0.20585129704061025,0.48268211990420185,0.311466583055188,0,0.0046268170240708366,0.9547939074156108,0.04057927556031846,0,0.031193884962513317,0.10523905703234054,-0.26721835641369135,-0.07078387227541268,0,0,0.1292,0.0543,0.499,0.058,0.0155,12,NRG
CFG,"Citizens Financial Group, Inc.",Financial Services,74.73,31474544640,0.04272538067573815,0.0030973991862971134,0.022911389931017632,0.9439395984789958,8,0,True,False,0.17335766423357665,0.03344607290492296,0.002162421912542047,0.0,0.014129736673089274,0.0,0.00021992522542335605,0.0,0.06197071818922402,0.44455903109883355,0.4934702507119423,0,0.00013663247547356162,0.850637069946321,0.14922629757820519,0,0.19680456597637136,0.24377551501940284,0.5594199190042259,0,0.006149422507909721,0.6634563115903217,0.3303942659017686,0,0.03105367533234879,0.10147699424214054,-0.29029459881272496,-0.34343009821085674,0,0,0.1292,0.0543,0.499,0.094,0.0276,10,HOOD
DRI,"Darden Restaurants, Inc.",Consumer Cyclical,225.26,25576415232,0.04248946972137305,0.0034481211745306713,0.02296879544795186,0.9439627235778851,8,0,True,False,0.17337461300309598,0.03344607290492296,0.0012170385395537525,8.05607024893257e-05,0.014129736673089274,0.0,0.0015278838808250573,0.0,0.06630255086696184,0.4597283445863834,0.4739691045466547,0,0.0,0.8598454690529903,0.1401545309470097,0,0.20681858944345602,0.3094803744243835,0.4837010361321605,0,0.010475683639256762,0.6537129411019487,0.33581137525879456,0,0.03315127543348092,0.1086471365413564,-0.27391054231335127,-0.3011090691541211,0,0,0.1292,0.0543,0.499,0.137,0.0573,5,CVNA
JPM,JP Morgan Chase & Co.,Financial Services,362.84,964496261120,0.04246270800843913,0.0008647632555224946,0.021663735631980815,0.9434657905524755,8,0,True,False,0.17335766423357665,0.03344607290492296,0.0012170385395537525,0.0,0.004021447721179625,0.0,0.0,0.0,0.034765571282508075,0.5437743051905868,0.42146012352690515,0,0.00014038766977926047,0.8913267434227868,0.10853286890743384,0,0.12898443443560298,0.3155481854235836,0.5554673801408134,0,0.004123970411617551,0.7103805532870778,0.2854954763013047,0,0.017452979476143667,0.06655420242361026,-0.24754351674102582,-0.3539272257974488,0,0,0.1292,0.0543,0.499,0.094,0.0276,10,HOOD
SO,Southern Company (The),Utilities,92.8,106753687552,0.04246270800843913,0.0024091116003888994,0.022435909804414015,0.9437771469199161,8,0,True,False,0.17335766423357665,0.03344607290492296,0.0012170385395537525,0.0,0.01092896174863388,0.0,0.00021992522542335605,0.0,0.07656351907870511,0.43956094753181413,0.4838755333894807,0,0.0,0.9173820579831374,0.08261794201686253,0,0.23133833604729548,0.4282834939514949,0.3403781700012096,0,0.004836906679502702,0.9471565410197935,0.04800655230070369,0,0.038281759539352554,0.11808762136339909,-0.24496497816381904,-0.07610473978755757,0,0,0.1292,0.0543,0.499,0.058,0.0155,12,NRG
PNW,Pinnacle West Capital Corporati,Utilities,101.48,12299095040,0.04161940906717415,0.002240652083183997,0.021930030575179074,0.943737875927526,8,0,True,False,0.17337461300309598,0.030560271646859084,0.0005970149253731343,0.0,0.010145566828407587,0.0,0.00021992522542335605,0.0,0.06630255086696184,0.4597283445863834,0.4739691045466547,0,0.0,0.8939352509907208,0.10606474900927909,0,0.24100433953605047,0.4043954785171925,0.3546001819467572,0,0.00737190463225077,0.9194002004538013,0.07322789491394796,0,0.03315127543348092,0.12418812208415062,-0.25686565134448597,-0.08972591634620196,0,0,0.1292,0.0543,0.499,0.058,0.0155,12,NRG
CPT,Camden Property Trust,Real Estate,110.36,11095523328,0.040797094939084975,0.0006516296854745262,0.02072436231227975,0.9458284225026083,8,0,True,False,0.16581196581196583,0.03344607290492296,0.0005970149253731343,0.0,0.0030303030303030303,0.0,0.0,0.0,0.04252253814916931,0.543757547232972,0.41371991461785884,0,0.0,0.853226459590545,0.14677354040945495,0,0.20670496951588183,0.36045551476151616,0.43283951572260193,0,0.002514584688426311,0.8663788922686884,0.1311065230428855,0,0.021261269074584654,0.10460977710215406,-0.2589854584390723,-0.17736324228058964,0,0,0.1292,0.0543,0.499,0.084,0.0224,11,CSGP
AEP,American Electric Power Company,Utilities,125.6,68376309760,0.04046983365460134,0.0030973991862971134,0.021783616420449226,0.9438820563152703,8,0,True,False,0.17337461300309598,0.02564102564102564,0.0005970149253731343,0.0,0.014129736673089274,0.0,0.00021992522542335605,0.0,0.07519993183705424,0.45758567684198836,0.4672143913209574,0,0.0,0.9329325061559746,0.06706749384402547,0,0.23133833604729548,0.4282834939514949,0.3403781700012096,0,0.0048173841590482495,0.9477466751573711,0.04743594068358065,0,0.03759996591852712,0.11807786010317187,-0.22954097666396428,-0.07582919523922327,0,0,0.1292,0.0543,0.499,0.058,0.0155,12,NRG
D,"Dominion Energy, Inc.",Utilities,68.77,60484997120,0.040303954385570634,0.0030973991862971134,0.021700676785933872,0.9438469474104517,8,0,False,False,0.17337461300309598,0.02564102564102564,0.0,0.0,0.014129736673089274,0.0,0.00021992522542335605,0.0,0.04606287550265305,0.5183665737442599,0.43557055075308715,0,0.0,0.8722772744825134,0.12772272551748662,0,0.22109280341534737,0.4408361127633472,0.33807108382130546,0,0.004810792309406727,0.942042860295741,0.05314634739485222,0,0.023031437751326524,0.11295179786237705,-0.25861520038396035,-0.08265691774570179,0,0,0.1292,0.0543,0.499,0.058,0.0155,12,NRG
PPL,PPL Corporation,Utilities,36.02,27099660288,0.03933466881863439,0.002240652083183997,0.020787660450909195,0.9437508093306403,8,0,True,False,0.17337461300309598,0.02004626060138782,0.0012170385395537525,0.0,0.010145566828407587,0.0,0.00021992522542335605,0.0,0.047832788692722845,0.4956386756651142,0.45652853564216284,0,0.0,0.9173820579831374,0.08261794201686253,0,0.22330264981472733,0.47207521981002937,0.3046221303752434,0,0.002580294281658908,0.9880390411181165,0.00938066460022459,0,0.023916394346361423,0.11294147204819312,-0.24565684448315125,-0.04405992543954086,0,0,0.1292,0.0543,0.499,0.058,0.0155,12,NRG
GD,General Dynamics Corporation,Industrials,395.78,107081121792,0.039331314551196345,0.002240652083183997,0.02078598331719017,0.9437563742220878,8,0,True,False,0.17335766423357665,0.02004626060138782,0.0012170385395537525,0.0,0.010145566828407587,0.0,0.00021992522542335605,0.0,0.046452030123133044,0.5480091323393954,0.4055388375374717,0,0.0,0.8883215634310925,0.11167843656890754,0,0.19426731851553586,0.306335514099532,0.4993971673849321,0,0.00609691092734445,0.6566057051711013,0.3372973839015543,0,0.023226015061566522,0.10018211472144016,-0.2353826219916231,-0.318165160921803,0,0,0.1292,0.0543,0.499,0.1201,0.0428,8,BLDR
AEE,Ameren Corporation,Utilities,109.74,30380779520,0.03916239663659844,0.0009237350066590043,0.020043065821628722,0.9434714187461077,8,0,True,False,0.17337461300309598,0.02004626060138782,0.0005970149253731343,0.0,0.004021447721179625,0.0,0.00021992522542335605,0.0,0.05443235294133903,0.47582112597848486,0.4697465210801762,0,0.0,0.8841783027151735,0.11582169728482636,0,0.22109280341534737,0.4408361127633472,0.33807108382130546,0,0.002265429700199123,0.9883509444195693,0.009383625880231622,0,0.027216176470669515,0.11167911655777325,-0.26556793271183177,-0.06204823829299529,0,0,0.1292,0.0543,0.499,0.058,0.0155,12,NRG
L,Loews Corporation,Financial Services,113.03,23106463744,0.03914541068188104,0.0030973991862971134,0.021121404934089077,0.9463866794689964,8,0,True,False,0.16581196581196583,0.02564102564102564,0.0012170385395537525,0.0,0.014129736673089274,0.0,0.00021992522542335605,0.0,0.03957284340830398,0.6301535004978758,0.33027365609382026,0,0.0,0.9633739560073957,0.036626043992604315,0,0.14298983310270375,0.4103745530453453,0.44663561385195105,0,0.004456929324908202,0.8338555790548109,0.16168749162028087,0,0.01978642170415199,0.07372338121380598,-0.1636634283390603,-0.23043817152231,0,0,0.1292,0.0543,0.499,0.094,0.0276,10,HOOD
MAA,Mid-America Apartment Communiti,Real Estate,133.49,15928913920,0.03901222716179486,0.0006280309468650516,0.019820129054329956,0.9473855258792281,8,0,False,False,0.16103896103896104,0.030560271646859084,0.0,0.0,0.0029205607476635513,0.0,0.0,0.0,0.0387510338062371,0.5706171521334491,0.3906318140603139,0,0.0,0.8844663981046565,0.11553360189534335,0,0.19928306904372922,0.3834188500314475,0.41729808092482334,0,0.002552633095734905,0.8794881492876825,0.11795921761658255,0,0.01937551690311855,0.10091785106973207,-0.23370719107471005,-0.1667107982009709,0,0,0.1292,0.0543,0.499,0.084,0.0224,11,CSGP
CMS,CMS Energy Corporation,Utilities,71.11,21967273984,0.03899316310012969,0.0009237350066590043,0.019958449053394344,0.9434447231080472,8,0,False,False,0.17335766423357665,0.02004626060138782,0.0,0.0,0.004021447721179625,0.0,0.00021992522542335605,0.0,0.044813974877400915,0.5043121246679809,0.4508739004546183,0,0.0,0.9173820579831374,0.08261794201686253,0,0.21955802478483624,0.4743511960106309,0.3060907792045329,0,0.003945992311780723,0.98664422580858,0.009409781879639208,0,0.022406987438700458,0.11175200854830848,-0.24433893379703994,-0.04599827199377758,0,0,0.1292,0.0543,0.499,0.058,0.0155,12,NRG
DTE,DTE Energy Company,Utilities,140.84,29307121664,0.03899316310012969,0.002240652083183997,0.020616907591656842,0.9436889594544343,8,0,False,False,0.17335766423357665,0.02004626060138782,0.0,0.0,0.010145566828407587,0.0,0.00021992522542335605,0.0,0.062471393333160784,0.48395743408468644,0.45357117258215274,0,0.0,0.8949432643355304,0.10505673566446957,0,0.23941097873864253,0.44322861578623174,0.3173604054751258,0,0.004707715174917902,0.9714881188244741,0.023804166000608105,0,0.031235696666580392,0.12205934695678022,-0.2480782574567308,-0.048522938781086725,0,0,0.1292,0.0543,0.499,0.058,0.0155,12,NRG
NTRS,Northern Trust Corporation,Financial Services,191.41,35019542528,0.03783797366387814,0.002031795569545626,0.019934884616711883,0.9461992972134712,8,0,True,False,0.16581196581196583,0.02004626060138782,0.0012170385395537525,0.0,0.009174311926605505,0.0,0.00021992522542335605,0.0,0.04221058004335246,0.5471046788378433,0.41068474111880426,0,0.0,0.8514028456805252,0.1485971543194747,0,0.1698899280779109,0.29140987934199863,0.5387001925800906,0,0.0038755085692962323,0.6380744980954636,0.35804999333524024,0,0.02110529002167623,0.08688271832360356,-0.2585356576974633,-0.3614923746340618,0,0,0.1292,0.0543,0.499,0.094,0.0276,10,HOOD
SCHW,Charles Schwab Corporation (The,Financial Services,111.09,192111886336,0.037772765191719126,0.002240652083183997,0.020006708637451562,0.9514160175241682,8,0,True,False,0.14965986394557826,0.03344607290492296,0.0012170385395537525,0.0,0.010145566828407587,0.0,0.00021992522542335605,0.0,0.03192608765295315,0.5612682059705404,0.4068057063765063,0,0.0001442565445834397,0.9500346478535214,0.04982109560189508,0,0.16886806772950777,0.30042653405363323,0.5307053982168589,0,0.004123970411617551,0.7103805532870778,0.2854954763013047,0,0.016035172098768292,0.08649601907056266,-0.2122782288904324,-0.32160441818851915,0,0,0.1292,0.0543,0.499,0.094,0.0276,10,HOOD
LNT,Alliant Energy Corporation,Utilities,70.6,18305499136,0.03749982221281148,0.0009237350066590043,0.01921177860973524,0.945923146391219,8,0,False,False,0.16581196581196583,0.02004626060138782,0.0,0.0,0.004021447721179625,0.0,0.00021992522542335605,0.0,0.04597171999814827,0.5193196956993618,0.43470858430249,0,0.0,0.9328860479792639,0.0671139520207361,0,0.2188974948549182,0.4729241328797592,0.30817837226532263,0,0.002580294281658908,0.9880390411181165,0.00938066460022459,0,0.022985859999074133,0.11073889456828855,-0.22792540816253892,-0.04804062386448506,0,0,0.1292,0.0543,0.499,0.058,0.0155,12,NRG
WEC,"WEC Energy Group, Inc.",Utilities,110.52,36012871680,0.03749982221281148,0.0009237350066590043,0.01921177860973524,0.945923146391219,8,0,False,False,0.16581196581196583,0.02004626060138782,0.0,0.0,0.004021447721179625,0.0,0.00021992522542335605,0.0,0.0463750016130676,0.5471004029070227,0.4065245954799098,0,0.0,0.9173820579831374,0.08261794201686253,0,0.19433952688133646,0.5171815713532142,0.2884789017654493,0,0.0022580342342567524,0.985124485550454,0.012617480215289334,0,0.0231875008065338,0.0982987805577966,-0.22138376794185236,-0.052249410432572724,0,0,0.1292,0.0543,0.499,0.058,0.0155,12,NRG
O,Realty Income Corporation,Real Estate,62.74,59364712448,0.03743461374065246,0.0006870026980015611,0.01906080821932701,0.9510238240833705,8,0,False,False,0.14965986394557826,0.03344607290492296,0.0,0.0,0.0029205607476635513,0.0,0.00021992522542335605,0.0,0.04307002423701192,0.562327465355773,0.3946025104072151,0,0.0,0.9042408064820459,0.0957591935179542,0,0.19928306904372922,0.3834188500314475,0.41729808092482334,0,0.0038008936409058645,0.8589863580027979,0.13721274835629618,0,0.02153501211850596,0.10154198134231754,-0.22364583984407868,-0.17571343329824224,0,0,0.1292,0.0543,0.499,0.084,0.0224,11,CSGP
FE,FirstEnergy Corp.,Utilities,47.41,27423422464,0.036819247727283566,0.0007106014366110358,0.0187649245819473,0.9458442226466663,8,0,False,False,0.16581196581196583,0.017133956386292833,0.0,0.0,0.0030303030303030303,0.0,0.00021992522542335605,0.0,0.043246611329803016,0.5605330080306036,0.3962203806395935,0,0.0,0.9329325061559746,0.06706749384402547,0,0.200102094019401,0.5028650107686514,0.2970328952119476,0,0.0022337101241557827,0.9745124779528022,0.023253811923042114,0,0.021623305664901508,0.10116790207177839,-0.21002063157690798,-0.058975451495716466,0,0,0.1292,0.0543,0.499,0.058,0.0155,12,NRG
PEG,Public Service Enterprise Group,Utilities,76.04,37892362240,0.035577510045575626,0.0009237350066590043,0.018250622526117314,0.9457842335293543,8,0,False,False,0.16581196581196583,0.01182033096926714,0.0,0.0,0.004021447721179625,0.0,0.00021992522542335605,0.0,0.04712598006265654,0.5030914490963612,0.4497825708409823,0,0.0,0.9455114871706317,0.05448851282936822,0,0.21955802478483624,0.4743511960106309,0.3060907792045329,0,0.002567662926431546,0.9880975937884731,0.009334743285095372,0,0.02356299003132827,0.11106284385563389,-0.22857255180384697,-0.04664991738918026,0,0,0.1292,0.0543,0.499,0.058,0.0155,12,NRG
SPG,"Simon Property Group, Inc.",Real Estate,219.58,83357728768,0.03538975157438518,0.0,0.01769487578719259,0.9541750251731724,8,0,False,False,0.1393273850377488,0.03344607290492296,0.0,0.0,0.0,0.0,0.0,0.0,0.038375421892329946,0.5650861874192483,0.3965383906884217,0,0.0,0.8598454690529903,0.1401545309470097,0,0.1920230147034127,0.3422058248957461,0.4657711604008413,0,0.0021400075045582933,0.8400644733705365,0.15779551912490522,0,0.019187710946164973,0.0970815111039855,-0.24915874987155073,-0.21470182865888776,0,0,0.1292,0.0543,0.499,0.084,0.0224,11,CSGP
INVH,Invitation Homes Inc.,Real Estate,30.29,17993531392,0.03430322028340968,5.897175113650959e-05,0.017181096017273096,0.9510221759255956,8,0,False,False,0.14965986394557826,0.02004626060138782,0.0,0.0,0.0,0.0,0.00021992522542335605,0.0,0.02474538695295462,0.5971997451750797,0.3780548678719657,0,0.0,0.9042408064820459,0.0957591935179542,0,0.20670496951588183,0.36045551476151616,0.43283951572260193,0,0.002496393236681026,0.8601111813880885,0.13739242537523047,0,0.01237269347647731,0.10460068137628142,-0.22453433721848262,-0.18051528917263476,0,0,0.1292,0.0543,0.499,0.084,0.0224,11,CSGP
REG,Regency Centers Corporation,Real Estate,76.71,14341604352,0.03356579513514529,0.0006870026980015611,0.017126398916573426,0.9545225532298177,8,0,False,False,0.1393273850377488,0.02564102564102564,0.0,0.0,0.0029205607476635513,0.0,0.00021992522542335605,0.0,0.04348950800906885,0.5678042964111859,0.3887061955797453,0,0.0,0.9316134086966255,0.06838659130337457,0,0.20670496951588183,0.36045551476151616,0.43283951572260193,0,0.00453476344062033,0.8646242398169892,0.1308409967423906,0,0.021744754004534426,0.10561986647825108,-0.2068016394370255,-0.1762203897542452,0,0,0.1292,0.0543,0.499,0.084,0.0224,11,CSGP
STT,State Street Corporation,Financial Services,191.74,52671315968,0.03305294724697401,0.0030973991862971134,0.01807517321663556,0.9595157193924715,8,0,True,False,0.12489557226399337,0.03344607290492296,0.001869158878504673,0.0,0.014129736673089274,0.0,0.00021992522542335605,0.0,0.04439630534342898,0.4996118986634206,0.4559917959931504,0,0.0,0.790168006415146,0.209831993584854,0,0.19490757313081133,0.23860640744782896,0.5664860194213598,0,0.005812727810256803,0.6133915549903339,0.3807957171994093,0,0.02219815267171449,0.10036015047053407,-0.3107137421172877,-0.3732807178398505,0,0,0.1292,0.0543,0.499,0.094,0.0276,10,HOOD
RF,Regions Financial Corporation,Financial Services,31.9,27176552448,0.03292519277864585,0.002031795569545626,0.01747849417409574,0.954942198733757,8,0,True,False,0.1393273850377488,0.02004626060138782,0.0024,0.0,0.009174311926605505,0.0,0.00021992522542335605,0.0,0.036072571958217364,0.5202481875125631,0.44367924052921964,0,0.00014402707818664848,0.9144334881165569,0.08542248480525648,0,0.16822452808512703,0.2992816379966884,0.5324938339181846,0,0.0009422967603814717,0.8452175347265932,0.15384016851302534,0,0.018108299518202007,0.08458341242275424,-0.24644256314903604,-0.25858358879285076,0,0,0.1292,0.0543,0.499,0.094,0.0276,10,HOOD
TFC,Truist Financial Corporation,Financial Services,53.1,64868352000,0.03285918223550808,0.002031795569545626,0.017445488902526854,0.9549296118731317,8,0,True,False,0.1393273850377488,0.02004626060138782,0.002162421912542047,0.0,0.009174311926605505,0.0,0.00021992522542335605,0.0,0.03379325166826424,0.5214783758183545,0.44472837251338115,0,0.00013890655414465405,0.8819230829923369,0.11793801045351841,0,0.17803512240078662,0.32023100059654536,0.501733877002668,0,0.0004132617855832086,0.8689180276048402,0.13066871060957652,0,0.016966079111204447,0.08922419209318491,-0.2643671123722453,-0.22697710171293736,0,0,0.1292,0.0543,0.499,0.094,0.0276,10,HOOD
EVRG,"Evergy, Inc.",Utilities,84.03,19374559232,0.031531868787422694,0.0009587114842184914,0.016245290135820593,0.9510204318636107,8,0,False,False,0.14965986394557826,0.008187134502923977,0.0,0.0,0.0041841004184100415,0.0,0.00021992522542335605,0.0,0.02687116764647196,0.5958980177374619,0.3772308146160661,0,0.0,0.9328860479792639,0.0671139520207361,0,0.18236113329277276,0.4950453359184687,0.3225935307887586,0,0.0022337101241557827,0.9745124779528022,0.023253811923042114,0,0.01343558382323598,0.09229742170846428,-0.20873679949516513,-0.08062624964743607,0,0,0.1292,0.0543,0.499,0.058,0.0155,12,NRG
BRK.B,Berkshire Hathaway Inc. New,Financial Services,504.03,1078981951488,0.03134784917357766,0.0006280309468650516,0.015987940060221358,0.9595951293184062,8,0,True,False,0.12489557226399337,0.02004626060138782,0.007002528690916164,0.0,0.0029205607476635513,0.0,0.0,0.0,0.03187298150087492,0.5603345871999927,0.4077924312991325,0,0.0005421648546209364,0.9125252541056442,0.08693258103973481,0,0.08691595262484225,0.567412733931005,0.3456713134441527,0,0.0004116080344884713,0.9498758671587688,0.049712524806742625,0,0.016207573177747927,0.043663780329665364,-0.2311549329916857,-0.1540281387957823,0,0,0.1292,0.0543,0.499,0.094,0.0276,10,HOOD
RJF,"Raymond James Financial, Inc.",Financial Services,180.81,34780921856,0.029885343477727727,0.002031795569545626,0.015958569523636678,0.9593539235508542,8,0,True,False,0.12562814070351758,0.02004626060138782,0.0012170385395537525,0.0,0.009174311926605505,0.0,0.00021992522542335605,0.0,0.04712598006265654,0.5030914490963612,0.4497825708409823,0,0.0,0.8939352509907208,0.10606474900927909,0,0.18975008828212206,0.24971318842229118,0.5605367232955867,0,0.006089693582745364,0.6570122052805296,0.3368981011367251,0,0.02356299003132827,0.09791989093243371,-0.2543606698938024,-0.3507975212837222,0,0,0.1292,0.0543,0.499,0.094,0.0276,10,HOOD
AMP,"Ameriprise Financial, Inc.",Financial Services,569.54,50347335680,0.029825158072222073,0.0007106014366110358,0.015267879754416555,0.9544443283484926,8,0,True,False,0.1393273850377488,0.008187134502923977,0.0012170385395537525,0.0,0.0030303030303030303,0.0,0.00021992522542335605,0.0,0.03156462305322444,0.5549135724301909,0.4135218045165847,0,0.0,0.8409117664371063,0.15908823356289362,0,0.1694905011393124,0.27517107426076276,0.5553384245999247,0,0.003915506088589024,0.6744712265090673,0.32161326740234375,0,0.01578231152661222,0.08670300361395072,-0.27052270751312696,-0.3517728423871835,0,0,0.1292,0.0543,0.499,0.094,0.0276,10,HOOD
DUK,Duke Energy Corporation (Holdin,Utilities,123.92,96620699648,0.029487006621155415,0.0006516296854745262,0.01506931815331497,0.954371932734725,8,0,False,False,0.1393273850377488,0.008187134502923977,0.0,0.0,0.0030303030303030303,0.0,0.0,0.0,0.03154429317275283,0.5888188851649147,0.37963682166233265,0,0.0,0.9328860479792639,0.0671139520207361,0,0.200102094019401,0.5028650107686514,0.2970328952119476,0,0.00098859550573097,0.9855137805226889,0.013497623971580178,0,0.015772146586376413,0.10054534476256598,-0.20760324025515797,-0.054719914829197906,0,0,0.1292,0.0543,0.499,0.058,0.0155,12,NRG
AFL,AFLAC Incorporated,Financial Services,121.45,60888141824,0.02905978911858503,0.0008997397330819818,0.014979764425833505,0.9593882881843349,8,0,True,False,0.12489557226399337,0.017133956386292833,0.0012170385395537525,0.0,0.0041841004184100415,0.0,0.0,0.0,0.02042410446539773,0.630001514018719,0.3495743815158833,0,0.0,0.9401801784295961,0.05981982157040391,0,0.14031459133934124,0.45452217042480364,0.4051632382358551,0,0.0004161299257617852,0.8749485360955923,0.12463533397864567,0,0.010212052232698865,0.07036536063255151,-0.19448504931044475,-0.1945339254746989,0,0,0.1292,0.0543,0.499,0.094,0.0276,10,HOOD
MTB,M&T Bank Corporation,Financial Services,254.09,36826021888,0.02905978911858503,0.0006280309468650516,0.01484391003272504,0.9593307800214677,8,0,True,False,0.12489557226399337,0.017133956386292833,0.0012170385395537525,0.0,0.0029205607476635513,0.0,0.0,0.0,0.025032658417713856,0.5586563888505353,0.41631095273175084,0,0.00014153101658352318,0.8868896160657382,0.11296885291767815,0,0.15520387930794627,0.32319552888329645,0.5216005918087573,0,0.0003786721763168038,0.7763823213699466,0.2232390064537366,0,0.01258709471714869,0.07779127574213153,-0.2520528081075658,-0.2946285233891154,0,0,0.1292,0.0543,0.499,0.094,0.0276,10,HOOD
FRT,Federal Realty Investment Trust,Real Estate,118.39,10290269184,0.028721637667518368,0.0,0.014360818833759184,0.9591176565365316,8,0,False,False,0.12489557226399337,0.017133956386292833,0.0,0.0,0.0,0.0,0.0,0.0,0.024779130859375893,0.5871648594392227,0.38805600970140147,0,0.0,0.9177310473094631,0.08226895269053704,0,0.1911560994796567,0.40792610055688405,0.4009177999634593,0,0.0004117165547176337,0.9310709888973895,0.06851729454789272,0,0.012389565429687947,0.09578390801718717,-0.2227729157662813,-0.13893363923848884,0,0,0.1292,0.0543,0.499,0.084,0.0224,11,CSGP
BAC,Bank of America Corporation,Financial Services,64.49,450962325504,0.02723168477542498,0.0009237350066590043,0.014077709891041993,0.9592956250770549,8,0,True,False,0.12489557226399337,0.008187134502923977,0.002162421912542047,0.0,0.004021447721179625,0.0,0.00021992522542335605,0.0,0.013553809305157144,0.5982421840535024,0.3882040066413403,0,0.00014038766977926047,0.8913267434227868,0.10853286890743384,0,0.11949103082789407,0.3520828603839528,0.5284261087881531,0,0.0022077206783134686,0.8666454229839025,0.13114685633778417,0,0.006847098487468202,0.06084937575310377,-0.24152133928691888,-0.2689371068098649,0,0,0.1292,0.0543,0.499,0.094,0.0276,10,HOOD
ATO,Atmos Energy Corporation,Utilities,169.92,28714534912,0.02471761449843518,0.0,0.01235880724921759,0.9586946719920472,8,0,False,False,0.12489557226399337,0.0,0.0,0.0,0.0,0.0,0.0,0.0,0.020182496469144218,0.5942221368134216,0.38559536671743416,0,0.0,0.9512617216870571,0.048738278312942945,0,0.200102094019401,0.5028650107686514,0.2970328952119476,0,0.0004223830509578855,0.9870149689330212,0.0125626480160209,0,0.010091248234572109,0.10026223853517943,-0.20707557428061646,-0.05453553307880481,0,0,0.1292,0.0543,0.499,0.058,0.0155,12,NRG
USB,U.S. Bancorp,Financial Services,65.42,101927723008,0.016639240797931686,0.0006280309468650516,0.00863363587239837,0.9763919605913822,8,0,True,False,0.07270029673590506,0.008187134502923977,0.0012170385395537525,0.0,0.0029205607476635513,0.0,0.0,0.0,0.020144334797341876,0.5823384885048184,0.3975171766978397,0,0.0,0.8934621898973797,0.1065378101026203,0,0.1535268404397946,0.3238371173691741,0.5226360421910313,0,0.0008816453878995484,0.775991673933036,0.2231266806790645,0,0.010072167398670938,0.07720424291384707,-0.24195532600155906,-0.2956771185212008,0,0,0.1292,0.0543,0.499,0.094,0.0276,10,HOOD
BNY,The Bank of New York Mellon Cor,Financial Services,163.24,110759018496,0.014859598572758455,0.0,0.007429799286379228,0.976042637011716,8,0,True,False,0.07270029673590506,0.0013089005235602095,0.0005970149253731343,0.0,0.0,0.0,0.0,0.0,0.013886657266628449,0.6648649524716526,0.321248390261719,0,0.0,0.9404391178348643,0.05956088216513582,0,0.07805536807836987,0.39060361588350834,0.5313410160381217,0,0.0020088304179912268,0.7375717472579391,0.2604194223240696,0,0.006943328633314224,0.04003209924818055,-0.18346130758011317,-0.3558481199329151,0,0,0.1292,0.0543,0.499,0.094,0.0276,10,HOOD
PNC,"PNC Financial Services Group, I",Financial Services,256.97,102531031040,0.011160671002448361,0.0,0.005580335501224181,0.9816538924991717,8,0,False,False,0.05555555555555555,0.0,0.0005970149253731343,0.0,0.0,0.0,0.0,0.0,0.013177994274589083,0.6093819767480508,0.37744002897736,0,0.0,0.8722772744825134,0.12772272551748662,0,0.10784267406579894,0.3779835202473234,0.5141738056868775,0,0.00040275240160340503,0.8415270095020075,0.15807023809638898,0,0.006588997137294541,0.05412271323370117,-0.24599238011012875,-0.2819993086579321,0,0,0.1292,0.0543,0.499,0.094,0.0276,10,HOOD
AES,The AES Corporation,Utilities,14.73,10504812544,0.007696354213392356,0.0,0.003848177106696178,0.9871387089045471,8,0,False,False,0.03888888888888889,0.0,0.0,0.0,0.0,0.0,0.0,0.0,0.012920819744383659,0.681292995425892,0.30578618482972447,0,0.0,0.9604047895080893,0.039595210491910816,0,0.15221996308518054,0.538029981491616,0.30975005542320344,0,0.0004190067092776509,0.9903430844980499,0.009237908792672427,0,0.0064604098721918295,0.0763194848972291,-0.16623028778862584,-0.08317449721070884,0,0,0.1292,0.0543,0.499,0.058,0.0155,12,NRG
TECH,Bio-Techne Corp,Healthcare,72.4,11280692224,0.003591850584887358,0.002240652083183997,0.0029162513340356775,0.9945163267459891,8,0,False,False,0.015113350125944584,0.0,0.002162421912542047,0.0,0.010145566828407587,0.0,0.00021992522542335605,0.0,0.01301752056401903,0.6232524519701493,0.36373002746583144,0,0.0,0.9867105195255192,0.013289480474480806,0,0.1719849226425945,0.29664943219011214,0.5313656451672932,0,0.0004144990664104799,0.8894770800690993,0.1101084208644901,0,0.006508760282009515,0.08619971085450248,-0.18200099368814662,-0.2345373221613892,0,0,0.1292,0.0543,0.499,0.1232,0.0467,7,MRNA
